conf,id,Ead,xV,xN,xH,Z,rmsd,rmaxsd,dminN,dminH,M,chi,q,mu,Eg,CNN,dCNN,CNS,dCNS,aminS,amaxS,aminN,amaxN,adispN,adispH,lmin,lmax
1N_1H_14x0_graphitic,0,0.02347543158688185,0.0,0.4464285714285714,0.4464285714285714,6,0.3930253600197375,0.7388409429000014,1.4169012259365412,nan,2,0.0,0.14,0.084,0.718059,3.0,0.33333333333333304,3.0,1.0,2.06977381777586,2.1029736000788453,2.057163956757706,2.0999361851271168,2.098353657710042,nan,1.414890656418096,1.4200964209947842
1N_1H_14x0_graphitic,1,1.3486872747442302,0.0,0.4464285714285714,0.4464285714285714,7,0.4072102661657944,0.7315581169000023,0.0,nan,2,0.0,-0.23,0.082,0.718059,3.0,1.0,3.0,1.0,2.057163956757706,2.0999361851271168,2.057163956757706,2.0999361851271168,nan,nan,1.4148864067495466,1.416375847658262
1N_1H_14x0_graphitic,2,0.7478995393956672,0.0,0.4464285714285714,0.4464285714285714,6,0.4028964716683565,0.7421031860999978,7.5550400809826215,nan,2,0.0,0.001,0.063,0.718059,3.0,0.0,3.0,1.0,2.068367220477709,2.0963707040743875,2.057163956757706,2.0999361851271168,1.3664380321578589,nan,1.4281717393743982,1.4288956622038904
1N_1H_14x0_graphitic,3,0.7353019324962324,0.0,0.4464285714285714,0.4464285714285714,6,0.03727708627544325,0.3673327068499983,8.688212414101908,nan,2,0.0,0.0,0.061,0.718059,3.0,0.0,3.0,1.0,2.0692239887029067,2.09681701738832,2.057163956757706,2.0999361851271168,0.4324977078082765,nan,1.4284753232956384,1.431232703481545
1N_1H_14x0_pyridinic,0,-0.6314340283875145,0.4464285714285714,0.4484304932735426,0.4484304932735426,7,0.43483672074000485,0.8227397855999996,0.0,nan,2,0.0,-0.416,0.148,0.763333,2.0,1.0,2.0,1.0,2.0674479047851233,4.2157374023944625,2.0674479047851233,4.2157374023944625,nan,nan,1.3298000555088565,1.3298050010618208
1N_1H_14x0_pyridinic,1,1.0199322427241946,0.4464285714285714,0.4484304932735426,0.4484304932735426,6,0.4198631003138894,0.7575129111999992,7.01565194210158,nan,2,0.0,0.005,-0.047,0.763333,2.0,0.0,3.0,1.0,2.076954026689946,2.0907935590491156,2.0674479047851233,4.2157374023944625,3.1327966473178,nan,1.4145810460261194,1.429712327740753
1N_1H_14x0_pyridinic,2,0.2677823780959648,0.4464285714285714,0.4484304932735426,0.4484304932735426,6,0.39079653746530824,0.6996294613000007,4.5353023206121685,nan,2,0.0,-0.017,0.081,0.763333,2.0,0.0,3.0,1.0,1.8805714628417969,2.1661589530175624,2.0674479047851233,4.2157374023944625,0.008633298992788646,nan,1.3873163375954995,1.408017498021408
1N_1H_14x0_pyridinic,3,0.8862114175319825,0.4464285714285714,0.4484304932735426,0.4484304932735426,6,0.42923391603244854,0.7794191796999987,5.921458924542235,nan,2,0.0,0.013,-0.042,0.763333,2.0,0.0,3.0,1.0,2.065390966677229,2.09993946633504,2.0674479047851233,4.2157374023944625,0.0029652268063707324,nan,1.3873163375954995,1.4299471436120545
1N_1H_14x0_pyrrolic,0,-2.2763217448487896,0.4464285714285714,0.4484304932735426,0.4484304932735426,7,0.1323201679908553,0.8481342854999985,0.0,nan,2,0.0,-0.252,0.048,0.860556,3.0,0.0,3.0,0.0,1.843655563031977,2.44671690460005,1.843655563031977,2.44671690460005,nan,nan,1.414321257333663,1.533716650785481
1N_1H_14x0_pyrrolic,1,1.8356561349666802,0.4464285714285714,0.4484304932735426,0.4484304932735426,6,0.05469416283004116,0.44406437589999914,2.4903584132909793,nan,2,0.0,-0.011,-0.003,0.860556,3.0,0.0,3.0,1.0,2.044465602954395,2.1529914683447133,1.843655563031977,2.44671690460005,1.617450618225,nan,1.4279496972235048,1.4437426403487195
1N_1H_14x0_pyrrolic,2,-0.8849681392413975,0.4464285714285714,0.4484304932735426,0.4484304932735426,6,0.13881193875823902,0.7708980235999994,4.393715175366033,nan,2,0.0,-0.002,-0.002,0.860556,3.0,-1.0,3.0,1.0,2.0741608310722874,2.1012896121452544,1.843655563031977,2.44671690460005,2.1202408872264313,nan,1.4189637235142147,1.4273602157652447
1N_1H_14x0_pyrrolic,3,1.4608423512956832,0.4464285714285714,0.4484304932735426,0.4484304932735426,6,0.31612874534178315,0.6352009722000007,4.20661249289428,nan,2,0.0,-0.005,-0.001,0.860556,3.0,0.0,3.0,1.0,2.0600128747455893,2.1107171354626644,1.843655563031977,2.44671690460005,0.15235736354760984,nan,1.4197493983320029,1.4321100825616802
1N_1H_14x0_pyrrolic_SW_A,0,-1.0573677552291814,0.0,0.4464285714285714,0.4464285714285714,6,0.43565653846128827,0.84430179735,1.3832065947644805,nan,2,0.0,0.149,0.265,0.793299,3.0,0.33333333333333304,3.0,1.0,1.965118684407779,2.142848404825009,1.9446957362202952,2.121125966647501,1.5707969124584595,nan,1.381339135590456,1.4684801134355596
1N_1H_14x0_pyrrolic_SW_A,1,1.036147583082511,0.0,0.4464285714285714,0.4464285714285714,6,0.2203499481875467,0.44901090994999926,10.043860100258321,nan,2,0.0,0.0,0.003,0.793299,3.0,0.0,3.0,1.0,2.0795641693359137,2.0970899336274478,1.9446957362202952,2.121125966647501,0.744375452835318,nan,1.4263074358603396,1.4301201267417176
1N_1H_14x0_pyrrolic_SW_A,2,-0.023328001669349237,0.0,0.4464285714285714,0.4464285714285714,6,0.3278543029009429,0.6494046009999979,3.3465128758927953,nan,2,0.0,0.021,0.083,0.793299,3.0,0.0,3.0,1.0,2.0118981119649617,2.211578534648188,1.9446957362202952,2.121125966647501,2.4996322442637364,nan,1.4549779850735565,1.4755735190106918
1N_1H_14x0_pyrrolic_SW_A,3,0.7735638423983142,0.0,0.4464285714285714,0.4464285714285714,6,0.04813047259064074,0.3312860075499984,5.71070660368924,nan,2,0.0,0.001,-0.002,0.793299,3.0,0.0,3.0,1.0,2.07020212826225,2.105403186184973,1.9446957362202952,2.121125966647501,0.880361667862288,nan,1.4236749839218519,1.4326872576553227
1N_1H_14x0_pyrrolic_SW_B,0,-0.5960845587353393,0.0,0.4464285714285714,0.4464285714285714,6,0.44475375499724706,0.8651364856499999,2.5011399752075687,nan,2,0.0,-0.019,0.205,1.052796,3.0,0.0,3.0,1.0,1.943927490725205,2.157731553568195,1.8133820998877204,2.4042549994591753,2.062378627631225,nan,1.3792047680226036,1.5032008939632395
1N_1H_14x0_pyrrolic_SW_B,1,1.430003091385421,0.0,0.4464285714285714,0.4464285714285714,7,0.3023828215847824,0.5537667344000008,0.0,nan,2,0.0,-0.261,0.041,1.052796,3.0,1.0,3.0,1.0,1.8133820998877204,2.4042549994591753,1.8133820998877204,2.4042549994591753,nan,nan,1.397719924986456,1.490365904929278
1N_1H_14x0_pyrrolic_SW_B,2,0.43592537335175485,0.0,0.4464285714285714,0.4464285714285714,6,0.3784633919444939,0.7600833427999989,4.833000113805991,nan,2,0.0,-0.004,0.1,1.052796,3.0,0.0,3.0,1.0,2.085947518321523,2.0909455513957638,1.8133820998877204,2.4042549994591753,2.830316095837665,nan,1.460463748709235,1.47609474032614
1N_1H_14x0_pyrrolic_SW_B,3,0.8587414946870634,0.0,0.4464285714285714,0.4464285714285714,6,0.16583482279368558,0.36412925595,4.796272265861429,nan,2,0.0,-0.007,0.078,1.052796,3.0,0.0,3.0,1.0,2.0361938039109675,2.1365447402708133,1.8133820998877204,2.4042549994591753,2.9196260269553043,nan,1.4441477404020442,1.4675371309292382
2N_1H_14x0_graphitic,0,-0.1686484395320511,0.0,0.8928571428571428,0.4464285714285714,6,0.3831871025062604,0.72437279705,1.4114579617816008,nan,1,0.0,0.151,0.0,0.554762,3.0,0.33333333333333304,3.0,1.0,2.078308768589403,2.102883704578205,2.051297889971014,2.1019230761547854,2.093216206183931,nan,1.4106858164549392,1.4166009221415925
2N_1H_14x0_graphitic,1,1.186049029976954,0.0,0.8928571428571428,0.4464285714285714,7,0.19928550487754024,0.3907440469999992,0.0,nan,1,0.0,-0.234,0.0,0.554762,3.0,1.0,3.0,1.0,2.05092925863835,2.101968900696019,2.05092925863835,2.101968900696019,nan,nan,1.4109026861575418,1.4282301257534937
2N_1H_14x0_graphitic,2,0.7180849033009592,0.0,0.8928571428571428,0.4464285714285714,6,0.3985637102947307,0.7407565834500005,7.58085592506368,nan,1,0.0,0.002,-0.0,0.554762,3.0,0.0,3.0,1.0,2.0680350433329044,2.096792061157535,2.051297889971014,2.1019230761547854,1.364941511610304,nan,1.4278819849818896,1.4298913175027352
2N_1H_14x0_graphitic,3,0.666695484798417,0.0,0.8928571428571428,0.4464285714285714,6,0.2534490891879574,0.5070867655500004,5.723854682096705,nan,1,0.0,0.001,-0.0,0.554762,3.0,0.0,3.0,1.0,2.0647314248557094,2.09943848855586,2.05092925863835,2.101968900696019,3.132641692692909,nan,1.428352760666464,1.4325197734729627
3N_1H_14x0_pyridinic,0,-2.0199989100090723,0.4464285714285714,1.345291479820628,0.4484304932735426,7,0.02176685387631164,0.20820399489999808,0.0,nan,2,0.0,-0.387,0.118,0.992926,2.0,1.0,2.0,1.0,2.11522205105019,4.167963256129396,2.11522205105019,4.167963256129396,nan,nan,1.3355276725313363,1.3355287037611383
3N_1H_14x0_pyridinic,1,1.349682169445393,0.4464285714285714,1.345291479820628,0.4484304932735426,6,0.420584123040152,0.7859529154000002,2.8018230267000015,nan,2,0.0,0.015,-0.049,0.992926,2.0,0.0,3.0,1.0,2.0634069328898192,2.0985829049841875,2.11522205105019,4.167963256129396,0.047462647464160075,nan,1.4237154991327314,1.4290558530989739
3N_1H_14x0_pyridinic,2,-0.19408249362568142,0.4464285714285714,1.345291479820628,0.4484304932735426,6,0.21775040465138135,0.4540404877500004,2.4003311636125146,nan,2,0.0,-0.017,0.147,0.992926,2.0,0.0,3.0,1.0,2.0238648783836384,2.1329543541154203,2.11522205105019,4.167963256129396,1.619174793102714,nan,1.4260152828312207,1.46246884457005
3N_1H_14x0_pyridinic,3,0.928624466563472,0.4464285714285714,1.345291479820628,0.4484304932735426,6,0.03063263701481914,0.3493027047999986,4.897698472739066,nan,2,0.0,-0.001,0.066,0.992926,2.0,0.0,3.0,1.0,2.0735726699712718,2.096399387749239,2.110820759179051,4.172364548000536,2.6197030625542213,nan,1.4263879308604157,1.4288025068879784
4N_1H_14x0_pyridinic,0,-1.7040166148469662,0.8928571428571428,1.8018018018018018,0.45045045045045046,7,0.0374297269096492,0.11648533939999783,0.0,nan,1,0.0,-0.386,0.0,0.985912,2.0,1.0,2.0,1.0,2.1110840022811836,4.172101304898402,2.1110840022811836,4.172101304898402,nan,nan,1.3398084506091474,1.3586649727631583
4N_1H_14x0_pyridinic,1,0.8232719396326059,0.8928571428571428,1.8018018018018018,0.45045045045045046,6,0.03991003642780779,0.35061927569999707,2.799511927691789,nan,1,0.0,0.018,-0.0,0.985912,2.0,0.0,3.0,1.0,2.0733954658516103,2.107086953154324,2.1110951842932946,4.172090122886291,2.0965594910596237,nan,1.4205311823820923,1.434429533919137
4N_1H_14x0_pyridinic,2,-0.17660707304631396,0.8928571428571428,1.8018018018018018,0.45045045045045046,6,0.4178358123070568,0.7582802441500016,2.46163422818935,nan,1,0.0,-0.031,-0.0,0.985912,2.0,0.0,3.0,1.0,2.072643113724794,2.094313036155365,2.1110972200280305,4.172088087151556,0.5777776537053549,nan,1.4395183327254024,1.4639238907532797
4N_1H_14x0_pyridinic,3,0.6088532452706438,0.8928571428571428,1.8018018018018018,0.45045045045045046,6,0.03703063825532984,0.3224468596499994,5.127197457581356,nan,1,0.0,0.002,0.0,0.985912,2.0,0.0,3.0,1.0,2.073837157338141,2.0969804173143496,2.1110840022811836,4.172101304898402,0.7973522452576585,nan,1.4277284689296799,1.4307731282287723
1N_1H_8x8_graphitic,0,-0.2856012264517568,0.0,0.4464285714285714,0.4464285714285714,6,0.4272289212049438,0.76842280255,1.421552754446148,nan,2,0.5235987755982988,0.133,0.084,0.713112,3.0,0.33333333333333304,3.0,1.0,2.0794509382807993,2.0956812009725776,2.0796183499901084,2.0976284213104357,0.5218969781140428,nan,1.4158519919119998,1.4216219532536236
1N_1H_8x8_graphitic,1,1.0647889828352843,0.0,0.4464285714285714,0.4464285714285714,7,0.40958773058424436,0.7385542567999988,0.0,nan,2,0.5235987755982988,-0.227,0.11,0.713112,3.0,1.0,3.0,1.0,2.0796183499901084,2.0976284213104357,2.0796183499901084,2.0976284213104357,nan,nan,1.4060940774083484,1.4213438134538243
1N_1H_8x8_graphitic,2,0.48984332199650527,0.0,0.4464285714285714,0.4464285714285714,6,0.4326468423932882,0.7803569031999991,8.69780632097825,nan,2,0.5235987755982988,-0.005,0.042,0.713112,3.0,0.0,3.0,1.0,2.081545961236096,2.0974362704582776,2.0796183499901084,2.0976284213104357,3.059367714045843,nan,1.4261722596063158,1.4322528405451556
1N_1H_8x8_graphitic,3,0.7306281179617496,0.0,0.4464285714285714,0.4464285714285714,6,0.31560918269808386,0.6034331302,8.92778914981175,nan,2,0.5235987755982988,0.001,-0.02,0.713112,3.0,0.0,3.0,1.0,2.08295666391119,2.095560171162564,2.0796183499901084,2.0976284213104357,2.901441164857311,nan,1.4261722596063158,1.4309487481417316
1N_1H_8x8_pyridinic,0,-1.218969462047326,0.4464285714285714,0.4484304932735426,0.4484304932735426,7,0.03986692744546191,0.17146432169999937,0.0,nan,2,0.5235987755982988,-0.416,0.153,0.862912,2.0,1.0,2.0,1.0,2.0705218382847166,4.21266346889487,2.0705218382847166,4.21266346889487,nan,nan,1.3303531071728985,1.333771785758833
1N_1H_8x8_pyridinic,1,1.1728025360930552,0.4464285714285714,0.4484304932735426,0.4484304932735426,6,0.40423211112817864,0.7320338440500023,5.6567471142435055,nan,2,0.5235987755982988,0.001,-0.029,0.862912,2.0,0.0,3.0,1.0,2.083552470363945,2.0943763164727254,2.0705218382847166,4.21266346889487,1.5541836455565867,nan,1.4272567016003108,1.430535687049185
1N_1H_8x8_pyridinic,2,-0.11744225634206289,0.4464285714285714,0.4484304932735426,0.4484304932735426,6,0.40716354411372463,0.7327441030499999,4.668038097895593,nan,2,0.5235987755982988,-0.014,0.066,0.862912,2.0,0.0,3.0,1.0,1.8895495758472223,2.1692807979948547,2.0705218382847166,4.21266346889487,0.5548127507315773,nan,1.3957376894420905,1.4095179091246153
1N_1H_8x8_pyridinic,3,0.8332384604870076,0.4464285714285714,0.4484304932735426,0.4484304932735426,6,0.28084604950797915,0.5293014265000018,8.562468066313949,nan,2,0.5235987755982988,-0.0,0.026,0.862912,2.0,0.0,3.0,1.0,2.0754258682991944,2.0994047206861945,2.0705218382847166,4.21266346889487,0.49789782774607305,nan,1.4251689559839391,1.4352813849040482
1N_1H_8x8_pyrrolic,0,-2.3533077362253936,0.4464285714285714,0.4484304932735426,0.4484304932735426,7,0.19655134081889294,0.6799211617499985,0.0,nan,2,0.5235987755982988,-0.274,0.036,1.417829,3.0,0.0,3.0,0.0,1.7951495494454484,2.5413311751803853,1.7951495494454484,2.5413311751803853,nan,nan,1.4168690520721845,1.5874706409405097
1N_1H_8x8_pyrrolic,1,1.6886658145176492,0.4464285714285714,0.4484304932735426,0.4484304932735426,6,0.04560574595323921,0.25559177094999885,6.1779720170483206,nan,2,0.5235987755982988,0.0,-0.001,1.417829,3.0,0.0,3.0,1.0,2.0705749426720006,2.1039089286908834,1.7951495494454484,2.5413311751803853,0.9582076335753623,nan,1.4318883486319605,1.4361606209943496
1N_1H_8x8_pyrrolic,2,-0.4785860634831658,0.4464285714285714,0.4484304932735426,0.4484304932735426,6,0.41278430352271744,1.0387510127000006,7.6995058842999695,nan,2,0.5235987755982988,-0.001,0.002,1.417829,3.0,-1.0,3.0,1.0,2.0669666538624005,2.1088830817006827,1.7951495494454484,2.5413311751803853,3.0789562950570875,nan,1.4292846738148877,1.4374564294715118
1N_1H_8x8_pyrrolic,3,2.023290099048196,0.4464285714285714,0.4484304932735426,0.4484304932735426,6,0.022077727832897034,0.31755719115000014,6.741266717243293,nan,2,0.5235987755982988,-0.0,0.0,1.417829,3.0,0.0,3.0,1.0,2.0744429106824254,2.0976624593151967,1.7951495494454484,2.5413311751803853,2.462634444054288,nan,1.4233843809508064,1.4335144127295234
1N_1H_8x8_pyrrolic_SW_A,0,-0.462201334230404,0.0,0.4464285714285714,0.4464285714285714,6,0.28259487449449416,0.5492615748000009,1.3309803017789301,nan,2,0.5235987755982988,0.163,0.268,1.247075,3.0,0.33333333333333304,3.0,1.0,1.977461211120033,2.1511052613387234,1.9506087382669959,2.123720768599343,0.10696516804418538,nan,1.338630999731985,1.4242697098314137
1N_1H_8x8_pyrrolic_SW_A,1,1.5843933353361175,0.0,0.4464285714285714,0.4464285714285714,7,0.2695720460751093,0.5146427866999987,0.0,nan,2,0.5235987755982988,-0.211,0.129,1.247075,3.0,1.0,3.0,1.0,1.9506087382669959,2.123720768599343,1.9506087382669959,2.123720768599343,nan,nan,1.338630999731985,1.4063385434057918
1N_1H_8x8_pyrrolic_SW_A,2,0.9130268161859127,0.0,0.4464285714285714,0.4464285714285714,6,0.03631041619667424,0.31158430755,6.3783593209087766,nan,2,0.5235987755982988,-0.001,0.017,1.247075,3.0,0.0,3.0,1.0,2.0741319026951652,2.105812044240212,1.9506087382669959,2.123720768599343,2.3191531775172596,nan,1.4283444700737817,1.4289366334820413
1N_1H_8x8_pyrrolic_SW_A,3,1.036265172724002,0.0,0.4464285714285714,0.4464285714285714,6,0.28584075170835216,0.5846264555499996,6.163669971589433,nan,2,0.5235987755982988,0.001,-0.005,1.247075,3.0,0.0,3.0,1.0,2.073418380795214,2.1056885024653718,1.9506087382669959,2.123720768599343,2.1015025706991066,nan,1.4284194648422268,1.434699297665956
1N_1H_8x8_pyrrolic_SW_B,0,-0.2813568558899118,0.0,0.4464285714285714,0.4464285714285714,6,0.4337572862032674,0.8101987889500002,1.3500126787565632,nan,2,0.5235987755982988,0.122,0.099,1.211929,3.0,0.33333333333333304,3.0,1.0,1.9097327830543833,2.1591758119740336,1.8320171080183059,2.2431086174352823,2.6972755099895003,nan,1.3750301169995875,1.4053055400130225
1N_1H_8x8_pyrrolic_SW_B,1,1.3294735705709255,0.0,0.4464285714285714,0.4464285714285714,6,0.40909847583770725,0.7413855237,8.498920389249045,nan,2,0.5235987755982988,-0.001,-0.003,1.211929,3.0,0.0,3.0,1.0,2.083390178217878,2.0937490528880622,1.8320171080183059,2.2431086174352823,1.866997769821257,nan,1.4275430765379158,1.4316379944744693
1N_1H_8x8_pyrrolic_SW_B,2,0.6248925781096476,0.0,0.4464285714285714,0.4464285714285714,6,0.024706913969636903,0.31622434290000223,7.0537249089809055,nan,2,0.5235987755982988,-0.003,0.039,1.211929,3.0,0.0,3.0,1.0,2.0784377660282427,2.101252331852962,1.8320171080183059,2.2431086174352823,2.5918578444610048,nan,1.4269921602428168,1.429793277186924
1N_1H_8x8_pyrrolic_SW_B,3,1.0053994687364933,0.0,0.4464285714285714,0.4464285714285714,6,0.03961146069157473,0.3649795244999998,5.06163222323193,nan,2,0.5235987755982988,-0.005,-0.017,1.211929,3.0,0.0,3.0,1.0,2.0783785586453396,2.1058803731044753,1.8320171080183059,2.2431086174352823,0.9999232238130844,nan,1.42772293802926,1.434148565833837
2N_1H_8x8_graphitic,0,-0.36888648164855203,0.0,0.8928571428571428,0.4464285714285714,6,0.30087385845734516,0.5728228417999999,1.4315956291667475,nan,1,0.5235987755982988,0.102,-0.0,0.607668,3.0,0.33333333333333304,3.0,1.0,2.079115859515699,2.0989401048779337,2.0676373347866335,2.0956973483897756,0.5259503264766776,nan,1.3792618636404164,1.4379250965952792
2N_1H_8x8_graphitic,1,0.971476828680558,0.0,0.8928571428571428,0.4464285714285714,7,0.40542909858735654,0.7356254834499985,0.0,nan,1,0.5235987755982988,-0.234,0.0,0.607668,3.0,1.0,3.0,1.0,2.0681754193905366,2.095966595079339,2.0681754193905366,2.095966595079339,nan,nan,1.4100140762449995,1.4319143471775961
2N_1H_8x8_graphitic,2,0.3908472008616477,0.0,0.8928571428571428,0.4464285714285714,6,0.31864422623653565,0.6087305537999992,3.7717153819094227,nan,1,0.5235987755982988,0.0,-0.0,0.607668,3.0,0.0,3.0,1.0,2.080730373197285,2.0938067185566354,2.0676373347866335,2.0956973483897756,2.9494311311530126,nan,1.419399997211938,1.4407331230095706
2N_1H_8x8_graphitic,3,0.5936372583903946,0.0,0.8928571428571428,0.4464285714285714,6,0.43735379490162213,0.7906071520500011,6.225493448232638,nan,1,0.5235987755982988,0.004,0.0,0.607668,3.0,0.0,3.0,1.0,2.080741954351545,2.097152722620974,2.0681754193905366,2.095966595079339,0.1151038337430691,nan,1.4292477593274866,1.4322011488573727
3N_1H_8x8_pyridinic,0,-2.410755669009787,0.4464285714285714,1.345291479820628,0.4484304932735426,7,0.029235942437750673,0.15538388230000155,0.0,nan,2,0.5235987755982988,-0.384,0.145,1.036838,2.0,1.0,2.0,1.0,2.1186845553890357,4.164500751790551,2.1186845553890357,4.164500751790551,nan,nan,1.3388817623363483,1.3412111919655514
3N_1H_8x8_pyridinic,1,1.2598940810858088,0.4464285714285714,1.345291479820628,0.4484304932735426,6,0.12137274080117162,0.3034645992499989,3.7212361174916757,nan,2,0.5235987755982988,-0.001,-0.052,1.036838,2.0,0.0,3.0,1.0,2.063115313258374,2.103217962812964,2.117501969768863,4.165683337410724,1.2039147343758465,nan,1.4262317447038968,1.440744420822129
3N_1H_8x8_pyridinic,2,-0.39531285296884416,0.4464285714285714,1.345291479820628,0.4484304932735426,6,0.3594259983496946,0.7320854917999995,2.4135461683127173,nan,2,0.5235987755982988,-0.02,0.111,1.036838,2.0,0.0,3.0,1.0,2.0389578289972077,2.1177350527430847,2.1186845553890357,4.164500751790551,1.0850957095257177,nan,1.4308680248261894,1.4680894717614459
3N_1H_8x8_pyridinic,3,1.1465504799762145,0.4464285714285714,1.345291479820628,0.4484304932735426,6,0.32448389318333465,0.6598399815500002,1.3307594080232568,nan,2,0.5235987755982988,0.212,-0.035,1.036838,2.0,0.33333333333333304,2.6666666666666665,1.0,2.035596286218414,2.1243053034531743,2.107541788020831,4.175643519158755,0.5168751912532538,nan,1.3515123487978036,1.4680894717614459
4N_1H_8x8_pyridinic,0,-1.470888622865089,0.8928571428571428,1.8018018018018018,0.45045045045045046,7,0.011118837010575365,0.1369614621999986,0.0,nan,1,0.5235987755982988,-0.38,-0.0,1.494199,2.0,1.0,2.0,1.0,2.105403856821964,4.177781450357623,2.105403856821964,4.177781450357623,nan,nan,1.3340853724931447,1.354249724911276
4N_1H_8x8_pyridinic,1,1.129164017932972,0.8928571428571428,1.8018018018018018,0.45045045045045046,6,0.29807633882838175,0.5537922791999996,2.825676599618361,nan,1,0.5235987755982988,0.018,0.0,1.494199,2.0,0.0,3.0,1.0,2.0853759674195946,2.091805163761758,2.1033869416420914,4.179798365537495,1.5811146264917442,nan,1.4220893664663294,1.4307344987426562
4N_1H_8x8_pyridinic,2,0.11975091057311672,0.8928571428571428,1.8018018018018018,0.45045045045045046,6,0.3764992972911983,0.7034372410500005,2.435976652126029,nan,1,0.5235987755982988,-0.019,-0.0,1.494199,2.0,0.0,3.0,1.0,2.043295364732474,2.12570873204967,2.105061680662281,4.178123626517306,1.0928413775964072,nan,1.4385165233284785,1.4659514313971485
4N_1H_8x8_pyridinic,3,0.9463909310889629,0.8928571428571428,1.8018018018018018,0.45045045045045046,6,0.04962834386240635,0.25922061909999883,7.934767581871617,nan,1,0.5235987755982988,0.001,-0.0,1.494199,2.0,0.0,3.0,1.0,2.072992528689916,2.101592648292035,2.105061680662281,4.178123626517306,0.6736836640081514,nan,1.4297523947255755,1.432638925927737
1N_2H_14x0_graphitic,0,-0.2599753278841422,0.0,0.4464285714285714,0.8928571428571428,6,0.06527107374589533,0.460772570399997,2.525830938385609,1.4877896937102109,1,0.0,-0.016,0.0,0.809852,3.333333333333333,0.0,3.333333333333333,1.0,2.067990156993577,2.1046544721495892,2.048477065570058,2.1258508156323264,2.622575155320445,2.945792245895799,1.404721965656031,1.5167249751978507
1N_2H_14x0_graphitic,1,1.5552904297298422,0.0,0.4464285714285714,0.8928571428571428,7,0.02960773078504717,0.3691905869999994,0.0,1.4579146481905443,1,0.0,-0.265,0.0,0.809852,3.333333333333333,1.0,3.333333333333333,1.0,2.048477065570058,2.1258508156323264,2.048477065570058,2.1258508156323264,nan,1.0860513620971697,1.3945807595053727,1.518198828839371
1N_2H_14x0_graphitic,2,0.5286557738070348,0.0,0.4464285714285714,0.8928571428571428,6,0.4007815547487509,0.7345573721500003,11.384387735901509,10.224976860745233,1,0.0,-0.002,-0.0,0.809852,3.333333333333333,0.0,3.0,1.0,2.0703542959745733,2.0966460557348743,2.048477065570058,2.1258508156323264,2.468036896094957,2.4832269441964425,1.4283088012738792,1.4309708676538215
1N_2H_14x0_graphitic,3,0.5863572557499048,0.0,0.4464285714285714,0.8928571428571428,6,0.02750029016848227,0.346427176499998,4.271272935804655,3.8308750986218865,1,0.0,-0.002,-0.0,0.809852,3.333333333333333,0.0,3.0,1.0,2.065124527113475,2.1024260485468216,2.048477065570058,2.1258508156323264,1.0414174896544024,0.7395963793558125,1.422375360030487,1.4320985608639014
1N_2H_14x0_pyridinic,0,-0.33246623494489674,0.4464285714285714,0.4484304932735426,0.8968609865470852,6,0.0188406428486032,0.3164222784499984,2.6134408379080845,2.6134408379080845,1,0.0,0.008,-0.0,0.830102,3.0,0.0,3.0,1.0,1.8331365139766118,2.442700396820424,1.8429785229588467,1.8715007446361176,0.49536420687536703,0.49536420687536703,1.4377844377812494,1.5268565408271528
1N_2H_14x0_pyridinic,1,0.8064827858866362,0.4464285714285714,0.4484304932735426,0.8968609865470852,6,0.02058520981338406,0.3064611439999996,4.262575626746396,4.262575626746396,1,0.0,0.0,0.0,0.830102,3.0,0.0,3.0,1.0,2.0640410886936933,2.1093614800501355,1.8429785229588467,1.8715007446361176,2.0398634775596154,2.0398634775596154,1.4191932104512432,1.4367577168263395
1N_2H_14x0_pyridinic,2,0.3428036445983226,0.4464285714285714,0.4484304932735426,0.8968609865470852,6,0.033671140935171304,0.3768987421499981,2.364627041016,2.364627041016,1,0.0,-0.035,0.0,0.830102,3.0,0.0,3.0,1.0,2.0522163816744006,2.109760178910932,1.8429785229588467,1.8715007446361176,2.536765016171174,2.536765016171174,1.4104964373958098,1.4428770893250438
1N_2H_14x0_pyridinic,3,0.6461842626990741,0.4464285714285714,0.4484304932735426,0.8968609865470852,6,0.05323041842817468,0.2870943637000005,9.88538544947778,9.88538544947778,1,0.0,-0.001,0.0,0.830102,3.0,0.0,3.0,1.0,2.071726254676328,2.0971398444144516,1.8429785229588467,1.8715007446361176,2.5975050130825084,2.5975050130825084,1.4292113346747353,1.4317071783966837
1N_2H_14x0_pyrrolic,0,-1.11256343555557,0.4464285714285714,0.4484304932735426,0.8968609865470852,6,0.1236915685633276,0.6446206990500016,2.721825980747315,2.721825980747315,1,0.0,-0.089,0.0,0.822757,3.0,0.0,3.0,0.0,1.7290563908247871,2.598161456380458,2.0391507153381294,2.154572252029143,1.7545901360794958,1.7545901360794958,1.430150142472003,1.745356680379046
1N_2H_14x0_pyrrolic,1,0.9106266154602981,0.4464285714285714,0.4484304932735426,0.8968609865470852,6,0.027992774088084604,0.35364830555000015,5.397270680685164,5.397270680685164,1,0.0,0.006,0.0,0.822757,3.0,0.0,3.0,1.0,2.0700167891482817,2.1277203297032985,2.0391507153381294,2.154572252029143,1.3392853968473464,1.3392853968473464,1.413751697013596,1.4313739414792368
1N_2H_14x0_pyrrolic,2,-0.08317548475505762,0.4464285714285714,0.4484304932735426,0.8968609865470852,6,0.25931677315497204,0.5504709768500016,1.3499803273288529,1.3499803273288529,1,0.0,0.218,0.0,0.822757,3.0,0.33333333333333304,3.0,1.0,2.0628557245371573,2.1086524862301452,2.0391507153381294,2.154572252029143,0.16435633249847548,0.16435633249847548,1.3650214662624753,1.4172453952767463
1N_2H_14x0_pyrrolic,3,0.5715133347090914,0.4464285714285714,0.4484304932735426,0.8968609865470852,6,0.3815902931883381,0.7535599793999985,8.001468607555706,8.001468607555706,1,0.0,0.005,0.0,0.822757,3.0,0.0,3.0,1.0,2.0725053355573912,2.0978620132928847,2.0391507153381294,2.154572252029143,2.2845530932913123,2.2845530932913123,1.4247349283517081,1.4292627253853325
1N_2H_14x0_pyrrolic_SW_A,0,-0.04331068675529499,0.0,0.4464285714285714,0.8928571428571428,6,0.027592159194338217,0.3279355074000003,2.5244814270921507,1.5408077006246816,1,0.0,-0.03,-0.0,0.9362,3.333333333333333,0.0,3.333333333333333,1.0,1.8111149083174387,2.4063926032729834,1.9593854539760063,2.1614490544360283,2.0971616599168326,2.4944081233831823,1.3979195503520576,1.581487858282113
1N_2H_14x0_pyrrolic_SW_A,1,1.4234647097457889,0.0,0.4464285714285714,0.8928571428571428,7,0.046195318939138336,0.49455578955000146,0.0,1.3870471450575819,1,0.0,-0.259,-0.0,0.9362,3.333333333333333,1.0,3.333333333333333,1.0,1.9593854539760063,2.1614490544360283,1.9593854539760063,2.1614490544360283,nan,1.570917163593918,1.4417097819184534,1.4506218457114024
1N_2H_14x0_pyrrolic_SW_A,2,0.556408887042522,0.0,0.4464285714285714,0.8928571428571428,6,0.027592042085241384,0.35657951479999905,9.004229926485827,9.862125921242649,1,0.0,-0.0,0.0,0.9362,3.333333333333333,0.0,3.0,1.0,2.0717633296714966,2.1070357236627455,1.9593854539760063,2.1614490544360283,2.646127858585672,2.5184031858822946,1.4304651441197334,1.4358005636504356
1N_2H_14x0_pyrrolic_SW_A,3,0.5696700978829307,0.0,0.4464285714285714,0.8928571428571428,6,0.2546859120110149,0.4898485662499992,7.692944798986019,6.689064384156044,1,0.0,0.002,0.0,0.9362,3.333333333333333,0.0,3.0,1.0,2.068391836294001,2.1112668021980414,1.9593854539760063,2.1614490544360283,1.9825437950867209,2.0350609038928638,1.425829436612939,1.4343706196341208
1N_2H_14x0_pyrrolic_SW_B,0,-0.396977022401364,0.0,0.4464285714285714,0.8928571428571428,6,0.030282050508905527,0.4947989491499998,1.4440163499206484,1.3945308781517465,1,0.0,0.145,0.0,0.822491,3.0,0.33333333333333304,3.333333333333333,1.0,1.9442943494779832,2.1860675157944005,1.8138746494831353,2.431246966379382,2.5390032258119706,1.5915691574463797,1.4342509208938483,1.4739156507405162
1N_2H_14x0_pyrrolic_SW_B,1,1.9028604326688934,0.0,0.4464285714285714,0.8928571428571428,7,0.018736737579950747,0.2956735767499996,0.0,2.5110716973897955,1,0.0,-0.254,-0.0,0.822491,3.0,1.0,3.0,1.0,1.8138746494831353,2.431246966379382,1.8138746494831353,2.431246966379382,nan,1.1010899859049916,1.4018788557217958,1.48750190888467
1N_2H_14x0_pyrrolic_SW_B,2,0.5748575505225498,0.0,0.4464285714285714,0.8928571428571428,6,0.027121389930182413,0.35330455435000196,8.947676023167098,6.843478167635842,1,0.0,-0.001,0.0,0.822491,3.0,0.0,3.0,1.0,2.0863241073935366,2.0917026328135697,1.8138746494831353,2.431246966379382,2.3729959171831614,2.410733420595799,1.4219816516042576,1.4313321260518952
1N_2H_14x0_pyrrolic_SW_B,3,0.5208019187503403,0.0,0.4464285714285714,0.8928571428571428,6,0.2543675709150099,0.4898894605499988,8.815040902970246,6.702099948174324,1,0.0,0.001,0.0,0.822491,3.0,0.0,3.0,1.0,2.0690539232516234,2.111721882532834,1.8138746494831353,2.431246966379382,2.093795982380638,2.0391558164185306,1.4256901655325926,1.433430282246418
2N_2H_14x0_graphitic,0,-0.06592250864276014,0.0,0.8928571428571428,0.8928571428571428,6,0.0817381048124182,0.5053481219000018,2.5123576775919867,1.4817337459740554,2,0.0,-0.003,0.095,0.729036,3.333333333333333,0.0,3.333333333333333,1.0,2.060163993648743,2.1125851758979444,2.0456865215817945,2.12411844777469,2.6202089976151433,2.9370077873115887,1.4039240590132378,1.5132525079301116
2N_2H_14x0_graphitic,1,1.5426543224697784,0.0,0.8928571428571428,0.8928571428571428,7,0.03208691594010376,0.35838054035000155,0.0,1.455958528441347,2,0.0,-0.287,-0.004,0.729036,3.333333333333333,1.0,3.333333333333333,1.0,2.0456865215817945,2.12411844777469,2.0456865215817945,2.12411844777469,nan,1.090977815740796,1.402101705036978,1.5110079600083308
2N_2H_14x0_graphitic,2,0.7946046385271401,0.0,0.8928571428571428,0.8928571428571428,6,0.3993262302208755,0.7425845070000001,4.976701504059577,9.449040942763723,2,0.0,0.0,-0.058,0.729036,3.0,0.0,3.0,1.0,2.0667710340569756,2.0987557194377904,2.069609971246915,2.1076304169061353,1.5735479080399823,1.833176151182407,1.4263631265409318,1.4295156647722262
2N_2H_14x0_graphitic,3,0.8039466421884789,0.0,0.8928571428571428,0.8928571428571428,6,0.028719247614055476,0.3793314933499996,3.7788193391131237,7.707078006642293,2,0.0,0.005,0.044,0.729036,3.0,0.0,3.0,1.0,2.064575771412986,2.1027444434360367,2.069609971246915,2.1076304169061353,2.808765230535736,2.4293479579517188,1.425849630213236,1.436732642980151
3N_2H_14x0_pyridinic,0,-0.24063674377350114,0.4464285714285714,1.345291479820628,0.8968609865470852,7,0.19832461997483386,0.53847814465,0.0,2.6521338040481974,1,0.0,-0.528,0.0,0.953214,2.0,1.0,2.0,1.0,2.117223884794148,4.165961422385439,2.117223884794148,4.165961422385439,nan,2.6106790109356304,1.3525615586211146,1.3570375497096558
3N_2H_14x0_pyridinic,1,0.8600564734846746,0.4464285714285714,1.345291479820628,0.8968609865470852,6,0.1745994816192539,0.3400288331499999,1.3423400726580628,2.941580033109286,1,0.0,0.215,0.0,0.953214,2.0,0.33333333333333304,2.6666666666666665,1.0,2.0759460466911652,2.1086589153233795,2.117223884794148,4.165961422385439,1.034746010387978,2.1467736504388384,1.3525615586211146,1.4575386476117913
3N_2H_14x0_pyridinic,2,0.14560556046829273,0.4464285714285714,1.345291479820628,0.8968609865470852,6,0.39168580240469003,0.7081128847499993,2.4509179250107045,4.339532122100003,1,0.0,-0.05,-0.0,0.953214,2.0,0.0,3.0,1.0,2.070215190204527,2.1057497729163885,2.117229795046616,4.16595551213297,2.564348641379859,3.127312542729496,1.4373916529621786,1.4559354129287352
3N_2H_14x0_pyridinic,3,0.6671095481126181,0.4464285714285714,1.345291479820628,0.8968609865470852,6,0.396117799966817,0.7481551176999996,8.93771691598183,11.328274856550424,1,0.0,-0.002,0.0,0.953214,2.0,0.0,3.0,1.0,2.070568958559498,2.0977316924396705,2.117223884794148,4.165961422385439,2.3964364302482206,2.466321565995118,1.4282453051236876,1.4302903937707951
4N_2H_14x0_pyridinic,0,-1.3550676627156868,0.8928571428571428,1.8018018018018018,0.9009009009009009,7,0.013984509408445369,0.06879893020000116,0.0,3.9358597006576828,2,0.0,-0.417,0.102,0.834851,2.0,1.0,2.0,1.0,2.1051010712488285,4.178084235930758,2.1051010712488285,4.178084235930758,nan,2.3948409380168787,1.3471032101993938,1.356927345270786
4N_2H_14x0_pyridinic,1,1.1098922881719981,0.8928571428571428,1.8018018018018018,0.9009009009009009,6,0.05391051283899936,0.44068926169999934,2.8063975221245845,6.593333897761192,2,0.0,0.019,-0.042,0.834851,2.0,0.0,3.0,1.0,2.076285546564235,2.1063638842691828,2.1051010712488285,4.178084235930758,2.0971879616981783,2.295512493596321,1.4200405848397328,1.4330594717950793
4N_2H_14x0_pyridinic,2,-0.11329871835099131,0.8928571428571428,1.8018018018018018,0.9009009009009009,7,0.16264349983225088,0.29206247660000306,0.0,2.6588160874383027,2,0.0,-0.53,-0.039,0.834851,2.0,1.0,2.0,1.0,2.1046209306304684,4.178564376549118,2.1046209306304684,4.178564376549118,nan,1.5728184805618763,1.3589063684614382,1.3616379993145653
4N_2H_14x0_pyridinic,3,0.7522076844174161,0.8928571428571428,1.8018018018018018,0.9009009009009009,6,0.39746845070056636,0.7680429754999993,8.974688019298538,10.010765929421868,2,0.0,-0.0,0.062,0.834851,2.0,0.0,3.0,1.0,2.075331204663336,2.095676227561304,2.098338659012453,4.184846648167133,2.3974038766183576,2.5766131454997323,1.428731724420605,1.429601456505525
1N_2H_8x8_graphitic,0,0.12982116829669577,0.0,0.4464285714285714,0.8928571428571428,6,0.07165302413222334,0.4586435750999991,2.5256822569835746,1.4873174691381548,1,0.5235987755982988,-0.026,0.0,1.519579,3.333333333333333,0.0,3.333333333333333,1.0,2.064662583203956,2.131592372615364,2.051933136889126,2.136619340490035,0.0237024442345449,0.5745126390111223,1.4005328989359491,1.5234822017041432
1N_2H_8x8_graphitic,1,1.5200601037336219,0.0,0.4464285714285714,0.8928571428571428,7,0.05750572177013192,0.4698572341,0.0,1.4572894720585787,1,0.5235987755982988,-0.271,0.0,1.519579,3.333333333333333,1.0,3.333333333333333,1.0,2.051933136889126,2.136619340490035,2.051933136889126,2.136619340490035,nan,2.543608554678058,1.3948043489900581,1.5085614066105422
1N_2H_8x8_graphitic,2,0.8328303010579344,0.0,0.4464285714285714,0.8928571428571428,6,0.04279138244571112,0.36389242020000134,8.630963682630084,7.255392434079587,1,0.5235987755982988,-0.003,0.0,1.519579,3.333333333333333,0.0,3.0,1.0,2.076320764837687,2.100328378198156,2.051933136889126,2.136619340490035,2.739536495574313,2.8233375050507665,1.4270943929900204,1.4314868230476208
1N_2H_8x8_graphitic,3,0.9307268054794436,0.0,0.4464285714285714,0.8928571428571428,6,0.14260803129855,0.30497885245000145,5.822165405520222,6.935036715281614,1,0.5235987755982988,0.003,-0.0,1.519579,3.333333333333333,0.0,3.0,1.0,2.081281088211584,2.098660486125206,2.051933136889126,2.136619340490035,1.5640348798739983,1.759409885890805,1.4256912059853932,1.4283507600044685
1N_2H_8x8_pyridinic,0,0.05815184813184444,0.4464285714285714,0.4484304932735426,0.8968609865470852,6,0.36231330093611114,0.7160751281000008,1.344113271573269,1.344113271573269,1,0.5235987755982988,0.22,0.0,1.506023,3.0,0.33333333333333304,3.0,1.0,2.0228414672693797,2.13650181597142,2.0189594453640454,2.0663815050925747,2.4994580360896403,2.4994580360896403,1.3728428432222606,1.4128621537161337
1N_2H_8x8_pyridinic,1,1.0980538331773617,0.4464285714285714,0.4484304932735426,0.8968609865470852,6,0.02288039550877037,0.3431564932499991,2.30631348614868,2.30631348614868,1,0.5235987755982988,-0.051,-0.0,1.506023,3.0,0.0,3.0,1.0,2.0324319359532117,2.129501391254796,2.0189594453640454,2.0663815050925747,0.965920214907028,0.965920214907028,1.4078604678055586,1.455402331430491
1N_2H_8x8_pyridinic,2,0.6810493981113956,0.4464285714285714,0.4484304932735426,0.8968609865470852,6,0.3110872247925702,0.6154861371499978,4.213881965583529,4.213881965583529,1,0.5235987755982988,-0.012,-0.0,1.506023,3.0,0.0,3.0,1.0,1.9688592762568913,2.204874257488456,2.0189594453640454,2.0663815050925747,0.8488918499003046,0.8488918499003046,1.4029902781156551,1.439666915460398
1N_2H_8x8_pyridinic,3,0.95601499019455,0.4464285714285714,0.4484304932735426,0.8968609865470852,6,0.048926715073247105,0.25998463354999934,9.280868713591557,9.280868713591557,1,0.5235987755982988,0.002,-0.0,1.506023,3.0,0.0,3.0,1.0,2.0718341068826605,2.1028812715033465,2.0189594453640454,2.0663815050925747,0.9370820652712559,0.9370820652712559,1.4312075021113584,1.4366092976835327
1N_2H_8x8_pyrrolic,0,-1.2679075307666743,0.4464285714285714,0.4484304932735426,0.8968609865470852,6,0.06948572474609817,0.4840505600000009,2.753628472884476,2.753628472884476,1,0.5235987755982988,-0.107,0.0,1.369987,3.0,0.0,2.0,1.0,1.955008124635224,4.328177182544362,2.0406846750841328,2.1920412179128417,1.22124999376161,1.22124999376161,1.422503357906927,1.5031921127309924
1N_2H_8x8_pyrrolic,1,1.073992361152613,0.4464285714285714,0.4484304932735426,0.8968609865470852,6,0.022409837568914667,0.33660050864999924,5.391982550905584,5.391982550905584,1,0.5235987755982988,0.002,0.0,1.369987,3.0,0.0,3.0,1.0,2.0485386463718056,2.1289584970965176,2.0406846750841328,2.1920412179128417,0.8194595383030755,0.8194595383030755,1.4222718329159527,1.4460729425470131
1N_2H_8x8_pyrrolic,2,0.4175943694094682,0.4464285714285714,0.4484304932735426,0.8968609865470852,6,0.03232332115257751,0.35026289220000173,4.889310452580681,4.889310452580681,1,0.5235987755982988,-0.03,-0.0,1.369987,3.0,0.0,3.0,1.0,1.9637687813373972,2.1382827821614923,2.0406846750841328,2.1920412179128417,1.5707718960141805,1.5707718960141805,1.403436106710339,1.4117433659136307
1N_2H_8x8_pyrrolic,3,0.9496467162849969,0.4464285714285714,0.4484304932735426,0.8968609865470852,6,0.3799046778820988,0.7124651645000029,8.740360649304089,8.740360649304089,1,0.5235987755982988,0.002,0.0,1.369987,3.0,0.0,3.0,1.0,2.0815971211030404,2.095005530941526,2.0406846750841328,2.1920412179128417,2.208625826694337,2.208625826694337,1.4269553730765687,1.4293886460984166
1N_2H_8x8_pyrrolic_SW_A,0,-0.0816631175234973,0.0,0.4464285714285714,0.8928571428571428,6,0.0904980567496504,0.3308295698000032,2.38252371393629,1.5156166582312192,1,0.5235987755982988,-0.018,0.0,1.393443,3.333333333333333,0.0,3.333333333333333,1.0,1.781960206707834,2.3636424752084184,1.8993493941812494,1.964225672325487,0.562147232682822,0.9532734318084974,1.3836133180854588,1.5166231459085895
1N_2H_8x8_pyrrolic_SW_A,2,1.1522064589311307,0.0,0.4464285714285714,0.8928571428571428,6,0.018532681335812925,0.31562068384999975,3.106028599461768,2.741630717060043,1,0.5235987755982988,0.006,0.0,1.393443,3.333333333333333,0.0,3.0,1.0,2.0225590455600044,2.1888189760964467,1.8993493941812494,1.964225672325487,0.9087332269426069,1.303216842862481,1.4193950859877755,1.4553489681196168
1N_2H_8x8_pyrrolic_SW_A,3,0.9407628951662961,0.0,0.4464285714285714,0.8928571428571428,6,0.3833372163650233,0.7075686756000019,10.070037147018963,11.31027522215613,1,0.5235987755982988,0.0,-0.0,1.393443,3.333333333333333,0.0,3.0,1.0,2.0806961461931164,2.098936438710091,1.8993493941812494,1.964225672325487,2.3553677556318062,2.4033687553302348,1.4298231539294461,1.4306030023529337
1N_2H_8x8_pyrrolic_SW_B,0,0.17930345568661046,0.0,0.4464285714285714,0.8928571428571428,6,0.0340985269740477,0.39210033690000046,2.4568973165107773,1.4246378463737228,1,0.5235987755982988,-0.009,0.0,1.519512,3.333333333333333,0.0,3.333333333333333,1.0,2.0205526190453,2.1383931137201118,1.8429599354775066,2.1807738132048136,3.0389161784136394,2.5326055760896846,1.396326791831375,1.47069609403436
1N_2H_8x8_pyrrolic_SW_B,1,1.0870418100575288,0.0,0.4464285714285714,0.8928571428571428,6,0.029910124331453704,0.5519196314500006,1.3322751075890367,2.0693475572188684,1,0.5235987755982988,0.195,0.0,1.519512,3.333333333333333,0.33333333333333304,3.0,1.0,1.974710880043289,2.150615754406931,1.8429599354775066,2.1807738132048136,1.026538704511828,0.5320131552682213,1.3329940304908245,1.4278676201091776
1N_2H_8x8_pyrrolic_SW_B,2,0.7104055167282072,0.0,0.4464285714285714,0.8928571428571428,6,0.03528506457669342,0.42154357595000125,2.4382514450584845,2.875145526021938,1,0.5235987755982988,-0.03,0.0,1.519512,3.333333333333333,0.0,3.0,1.0,2.060262405761742,2.114154427903131,1.8429599354775066,2.1807738132048136,2.032594108318684,1.513856069747219,1.4187582881985696,1.4485731084919027
1N_2H_8x8_pyrrolic_SW_B,3,0.9675961788519695,0.0,0.4464285714285714,0.8928571428571428,6,0.16333726595202458,0.32119257390000033,7.19445686588782,6.458025376440089,1,0.5235987755982988,-0.001,0.0,1.519512,3.333333333333333,0.0,3.0,1.0,2.0784080588886296,2.1013768823155514,1.8429599354775066,2.1807738132048136,2.1171604993603865,1.9556084829863019,1.426377704903636,1.429481745812996
2N_2H_8x8_graphitic,0,-0.37211529964986884,0.0,0.8928571428571428,0.8928571428571428,6,0.13854400998820185,0.29882789909999996,1.3960627277308666,1.460228382510928,2,0.5235987755982988,0.134,-0.008,0.740967,3.0,0.33333333333333304,3.333333333333333,1.0,2.0732890051700834,2.116363860638618,2.072217072684907,2.1198768287943515,2.6324116218799825,1.557021870294479,1.390426026288396,1.5284862874694338
2N_2H_8x8_graphitic,1,1.5449157384146766,0.0,0.8928571428571428,0.8928571428571428,7,0.052212720193266456,0.2825832567000006,0.0,1.4668718561163097,2,0.5235987755982988,-0.283,0.006,0.740967,3.333333333333333,1.0,3.333333333333333,1.0,2.0571169703338366,2.134327409874749,2.0571169703338366,2.134327409874749,nan,2.5491307296109507,1.397696315623059,1.5073164539043462
2N_2H_8x8_graphitic,2,0.6179893463093784,0.0,0.8928571428571428,0.8928571428571428,6,0.028862973586503003,0.3656722187999999,4.975113105140588,7.691029250003679,2,0.5235987755982988,0.001,0.0,0.740967,3.0,0.0,3.0,1.0,2.0757566619787955,2.1000897933254685,2.072217072684907,2.1198768287943515,1.0341824778104167,1.0357568499237857,1.4289897548834953,1.4301449718678567
2N_2H_8x8_graphitic,3,0.6722994071210642,0.0,0.8928571428571428,0.8928571428571428,6,0.30009026294909785,0.5744837914000005,7.502019716173631,9.428396600696548,2,0.5235987755982988,-0.003,0.015,0.740967,3.0,0.0,3.0,1.0,2.079737735263102,2.0956746287487893,2.072217072684907,2.1198768287943515,2.117555147107021,1.8677256440632373,1.427484743960306,1.4307666140168327
3N_2H_8x8_pyridinic,0,0.10526074470109666,0.4464285714285714,1.345291479820628,0.8968609865470852,7,0.20700589763677193,0.49836102035000174,0.0,2.6716724010327684,1,0.5235987755982988,-0.519,0.0,1.569551,2.0,1.0,2.0,1.0,2.1182546309246044,4.164930676254982,2.1182546309246044,4.164930676254982,nan,2.0829872380518695,1.3515710492814916,1.3595551473996705
3N_2H_8x8_pyridinic,1,1.1627447516606817,0.4464285714285714,1.345291479820628,0.8968609865470852,6,0.04411764556793607,0.4157314593499999,1.348412401169758,2.9407177075286812,1,0.5235987755982988,0.216,0.0,1.569551,2.0,0.33333333333333304,2.6666666666666665,1.0,2.0752258650042283,2.1123780158954735,2.107986532902431,4.175198774277155,1.5574963565311004,2.6590407380557224,1.3472943411746499,1.4522597528481023
3N_2H_8x8_pyridinic,2,0.6003178495661431,0.4464285714285714,1.345291479820628,0.8968609865470852,6,0.39089642884230225,0.778407018250002,2.427634357478199,2.4580683251038598,1,0.5235987755982988,-0.06,0.0,1.569551,2.0,0.0,3.0,1.0,2.0423250929208123,2.1216993088703275,2.1182546309246044,4.164930676254982,0.08331505493464908,1.0944480227246252,1.434803345842136,1.459456595042859
3N_2H_8x8_pyridinic,3,0.965893374333597,0.4464285714285714,1.345291479820628,0.8968609865470852,6,0.3715868143992551,0.6963501187500034,7.6729172211417636,10.18051023778941,1,0.5235987755982988,0.001,0.0,1.569551,2.0,0.0,3.0,1.0,2.081153727872311,2.0962828441532078,2.1182546309246044,4.164930676254982,1.9245525536463421,1.9996567958286395,1.427970519374607,1.429220890240738
4N_2H_8x8_pyridinic,0,-1.5152473490866976,0.8928571428571428,1.8018018018018018,0.9009009009009009,7,0.03583038535143944,0.17778457750000154,0.0,3.912856012696896,2,0.5235987755982988,-0.422,0.125,1.17588,2.0,1.0,2.0,1.0,2.09288103166138,4.190304275518207,2.09288103166138,4.190304275518207,nan,0.2341228874199235,1.337683626782171,1.3569080324193288
4N_2H_8x8_pyridinic,1,1.315356032659615,0.8928571428571428,1.8018018018018018,0.9009009009009009,6,0.18576071342810363,0.3666209696999987,2.4340544803215667,5.087015151866941,2,0.5235987755982988,-0.027,-0.026,1.17588,2.0,0.0,3.0,1.0,2.058128666876765,2.1253270227319963,2.1033738075340698,4.179811499645516,1.049442556998861,1.0333250810301982,1.4241922804011182,1.432438472709458
4N_2H_8x8_pyridinic,2,-0.26804173149839494,0.8928571428571428,1.8018018018018018,0.9009009009009009,6,0.38193542438819644,0.7585063742499987,2.4321794122518763,5.092846200132557,2,0.5235987755982988,-0.035,0.114,1.17588,2.0,0.0,3.0,1.0,2.0465304340834085,2.1148589950827996,2.09288103166138,4.190304275518207,1.0884022167071052,0.25486077012007363,1.4402144327265987,1.4679754140098853
4N_2H_8x8_pyridinic,3,0.9779153917121762,0.8928571428571428,1.8018018018018018,0.9009009009009009,6,0.36475649339560495,0.6884614544999987,6.491665337179888,6.491665337179888,2,0.5235987755982988,0.001,-0.024,1.17588,3.0,0.0,3.0,1.0,2.075726146169702,2.101258280108418,2.0027537140611402,2.1301594065373894,2.8188547077244124,2.8188547077244124,1.4283471260192602,1.4347620629028388
1N_3H_14x0_graphitic,0,0.02590877041123847,0.0,0.4464285714285714,1.3392857142857142,6,0.03953427863651038,0.3433435018500033,2.897572808660556,1.4387362844242875,2,0.0,0.004,0.157,0.976224,3.333333333333333,0.0,3.333333333333333,1.0,2.0462820218711095,2.1267528233367403,2.020116678890457,2.14402145284111,3.1196495691012265,2.034833608070969,1.4071707474097777,1.518148501774531
1N_3H_14x0_graphitic,1,1.4338043341239246,0.0,0.4464285714285714,1.3392857142857142,7,0.024052100663356325,0.3700264130500015,0.0,1.4203639657653229,2,0.0,-0.279,0.059,0.976224,3.333333333333333,1.0,3.333333333333333,1.0,2.020116678890457,2.14402145284111,2.020116678890457,2.14402145284111,nan,1.124800491662698,1.3940685047584993,1.5154509787943082
1N_3H_14x0_graphitic,2,0.7154966059065004,0.0,0.4464285714285714,1.3392857142857142,6,0.03417336196675205,0.3916840831499986,5.7963959535908405,6.596741188344472,2,0.0,0.001,0.073,0.976224,3.333333333333333,0.0,3.0,1.0,2.070655037051574,2.098340127016692,2.020116678890457,2.14402145284111,2.111782950607202,1.6794118881803388,1.4257563986640045,1.4284103619891635
1N_3H_14x0_graphitic,3,0.8734400325790266,0.0,0.4464285714285714,1.3392857142857142,6,0.03166308092042868,0.41744480140000295,7.592642004234668,6.294564163609416,2,0.0,-0.0,0.065,0.976224,3.333333333333333,0.0,3.0,1.0,2.0713252068801133,2.097229392768839,2.020116678890457,2.14402145284111,2.809974854963515,2.480882164704844,1.4284636553114722,1.4316055817973696
1N_3H_14x0_pyridinic,0,-2.1288736921085087,0.4464285714285714,0.4484304932735426,1.345291479820628,6,0.22435806823174673,1.6520075719000014,2.664260384221086,1.5994497951147961,2,0.0,0.013,-0.109,1.169338,3.0,0.0,3.333333333333333,-0.33333333333333304,1.8177791397739853,2.4578045770296812,1.8427943534174385,1.8745848837285433,0.4974801556299831,1.521231454110012,1.4145236651814344,1.6245687342731496
1N_3H_14x0_pyridinic,1,1.8619223200131536,0.4464285714285714,0.4484304932735426,1.345291479820628,6,0.04136556969067219,0.32742141444999895,2.3512608200055665,2.3512608200055665,2,0.0,-0.012,-0.066,1.169338,3.0,0.0,3.0,1.0,2.0304953312511107,2.1461493248851635,1.8427943534174385,1.8745848837285433,1.476526983368636,1.476526983368636,1.414696502251184,1.450908828498557
1N_3H_14x0_pyridinic,2,-0.383698567431486,0.4464285714285714,0.4484304932735426,1.345291479820628,6,0.07422039827162498,0.4876399459000007,4.093369871885936,1.496023896911077,2,0.0,0.009,0.132,1.169338,3.0,0.0,3.333333333333333,1.0,1.9174123835175314,2.2396527672314437,1.8427943534174385,1.8745848837285433,0.3398193496218008,0.24640437512902805,1.3865502572423698,1.503617385604467
1N_3H_14x0_pyridinic,3,1.1542470564851761,0.4464285714285714,0.4484304932735426,1.345291479820628,6,0.05255707106336182,0.42815888435000016,4.8323038042670365,4.8323038042670365,2,0.0,0.0,-0.07,1.169338,3.0,0.0,3.0,1.0,2.0782603987511714,2.0951329589538235,1.8427943534174385,1.8745848837285433,2.5613598678719574,2.5613598678719574,1.4214280484002577,1.4276984293486819
1N_3H_14x0_pyrrolic,0,-1.7120599436468107,0.4464285714285714,0.4484304932735426,1.345291479820628,6,0.04564602490513576,0.33042228660000017,2.7515631263978415,2.733956259746878,2,0.0,-0.219,0.786,0.841669,3.0,0.0,2.0,1.0,2.2260168661335427,4.057168441046043,1.97581668204601,2.193351828405731,2.5947413937273716,2.5821503182264784,1.3824478630227741,1.3859624902129242
1N_3H_14x0_pyrrolic,1,1.4955872448450356,0.4464285714285714,0.4484304932735426,1.345291479820628,6,0.38940126887923676,0.7624418472499999,9.292726824451675,6.726496654292353,2,0.0,-0.0,-0.005,0.841669,3.0,0.0,3.0,1.0,2.0778496098395776,2.0978520787971253,1.97581668204601,2.193351828405731,1.8416932351462718,1.921779840122565,1.428283013469536,1.4304228408715383
1N_3H_14x0_pyrrolic,2,-0.36810812948447086,0.4464285714285714,0.4484304932735426,1.345291479820628,6,0.08845848484265133,1.0697375519499994,2.9261739841162524,2.9261739841162524,2,0.0,0.025,0.008,0.841669,3.0,-1.0,2.6666666666666665,1.3333333333333335,2.0067241472454422,2.15319746018994,1.97581668204601,2.193351828405731,3.0682903860663906,3.0682903860663906,1.3824478630227741,1.4521545454512716
1N_3H_14x0_pyrrolic,3,-0.4673732316720431,0.4464285714285714,0.4484304932735426,1.345291479820628,6,0.05263216930526528,0.7149792382500004,7.88377158264636,7.88377158264636,2,0.0,0.001,0.003,0.841669,3.0,-1.0,3.0,1.0,2.064916587021487,2.098800890798053,1.97581668204601,2.193351828405731,3.0189721609411793,3.0189721609411793,1.427446371420035,1.4300988387729208
1N_3H_14x0_pyrrolic_SW_A,0,-0.20429743117985286,0.0,0.4464285714285714,1.3392857142857142,6,0.07359370709767343,0.5023818668500004,3.3602355857067936,1.4933446624345816,2,0.0,0.012,0.182,1.197737,3.333333333333333,0.0,3.333333333333333,1.0,2.0191041130948113,2.2386122196390765,1.9518202728069263,2.200603302079219,2.5300818291110434,2.7857778018709634,1.4236223685854978,1.579668622417174
1N_3H_14x0_pyrrolic_SW_A,1,1.5298646052035243,0.0,0.4464285714285714,1.3392857142857142,7,0.04528018728154794,0.4582689014500012,0.0,1.3336545185291402,2,0.0,-0.271,0.013,1.197737,3.333333333333333,1.0,3.333333333333333,1.0,1.9518202728069263,2.200603302079219,1.9518202728069263,2.200603302079219,nan,1.612421316707121,1.4430592679124417,1.4533976542388258
1N_3H_14x0_pyrrolic_SW_A,2,0.6066093607494072,0.0,0.4464285714285714,1.3392857142857142,6,0.018894654738727805,0.3464654090000012,5.265391825131586,5.537894569799279,2,0.0,0.0,0.097,1.197737,3.333333333333333,0.0,3.0,1.0,2.0367029407177806,2.1200316418867056,1.9518202728069263,2.200603302079219,2.780890938653957,2.3003397751695824,1.4279460443044214,1.4622562814097482
1N_3H_14x0_pyrrolic_SW_A,3,1.0823510471208562,0.0,0.4464285714285714,1.3392857142857142,6,0.01998267639708881,0.30940226644999935,6.492247540157555,7.2906581991516655,2,0.0,-0.003,0.079,1.197737,3.333333333333333,0.0,3.0,1.0,2.0709008999416088,2.12036112626071,1.9518202728069263,2.200603302079219,0.4958813915842272,0.6773294387238306,1.4299987045627398,1.445553045452116
1N_3H_14x0_pyrrolic_SW_B,0,-0.05585649827493217,0.0,0.4464285714285714,1.3392857142857142,6,0.057197336902659844,0.48708804315,1.4477766543485717,2.756109194028506,2,0.0,0.175,0.077,0.94989,3.333333333333333,0.33333333333333304,3.0,1.0,2.019470635463507,2.1947943936985257,1.7995227181657054,2.3990709156109595,0.11663003475744546,0.32156361112280435,1.4427709761084655,1.4621077011617136
1N_3H_14x0_pyrrolic_SW_B,1,1.351600760022584,0.0,0.4464285714285714,1.3392857142857142,6,0.033485297088140284,0.3862360543500003,6.672002574900522,4.396002438377688,2,0.0,0.004,-0.06,0.94989,3.333333333333333,0.0,3.0,1.0,2.0602880576961806,2.1134911538911956,1.7995227181657054,2.3990709156109595,2.2592700887945885,2.281035039639415,1.4162013317301743,1.4337361897518566
1N_3H_14x0_pyrrolic_SW_B,2,0.6725640553301557,0.0,0.4464285714285714,1.3392857142857142,6,0.059444938900995455,0.4821151205499987,5.129232598997511,5.66937724201607,2,0.0,-0.005,-0.077,0.94989,3.333333333333333,0.0,3.0,1.0,2.028450161895983,2.131539725224918,1.7995227181657054,2.3990709156109595,0.5390493112391438,0.15980494752424018,1.4305042675103565,1.454551312784303
1N_3H_14x0_pyrrolic_SW_B,3,0.8261743069276611,0.0,0.4464285714285714,1.3392857142857142,6,0.05308928407797724,0.42145186785000144,7.322280411960709,6.559572645423156,2,0.0,-0.002,0.07,0.94989,3.333333333333333,0.0,3.0,1.0,2.074482514743783,2.1162712821289,1.7995227181657054,2.3990709156109595,2.8217684525790143,2.6215645721613186,1.4296054887228056,1.4433384542460828
2N_3H_14x0_graphitic,0,-0.1199338978271065,0.0,0.8928571428571428,1.3392857142857142,6,0.03219677583909871,0.35893109459999906,2.432626369793976,1.430442337521793,1,0.0,-0.041,0.0,0.537256,3.0,0.0,3.333333333333333,1.0,2.0426272840710893,2.1211213916507075,2.0816399456597003,2.1029342687447503,1.5798121571067814,2.0379564388405846,1.4030009144632227,1.5193181137160114
2N_3H_14x0_graphitic,1,1.2637995081544722,0.0,0.8928571428571428,1.3392857142857142,7,0.034518172482072666,0.4351198627999979,0.0,3.83251517693612,1,0.0,-0.217,-0.0,0.537256,3.0,1.0,3.0,1.0,2.0816399456597003,2.1029342687447503,2.0816399456597003,2.1029342687447503,nan,1.7440426752189393,1.4031873480399346,1.4305599127488735
2N_3H_14x0_graphitic,2,0.7284300949893694,0.0,0.8928571428571428,1.3392857142857142,6,0.26980971485325567,0.5153319615999985,7.126417068500632,6.700076351770685,1,0.0,-0.004,0.0,0.537256,3.333333333333333,0.0,3.0,1.0,2.073478470659466,2.0975349819570015,2.020680003025731,2.148526599494309,1.0221095984678148,0.8763867353513584,1.4255059943872024,1.4324939878506504
2N_3H_14x0_graphitic,3,0.4638641057907016,0.0,0.8928571428571428,1.3392857142857142,6,0.3991921982190136,0.7512589353999983,7.603372037078112,6.881895133495361,1,0.0,-0.007,0.0,0.537256,3.333333333333333,0.0,3.0,1.0,2.076209770576563,2.096578849321211,2.020680003025731,2.148526599494309,1.3673392174216494,1.24986324956284,1.4235559884353448,1.4319395356045603
3N_3H_14x0_pyridinic,0,-0.045097829139882126,0.4464285714285714,1.345291479820628,1.345291479820628,6,0.19041717675800157,0.41327500765000025,1.3703888444612824,1.3703888444612824,2,0.0,0.215,0.062,0.637156,3.0,0.33333333333333304,3.0,1.0,2.031274473174839,2.145753967664714,2.013723975515806,2.1775812534729715,2.949346879785781,2.949346879785781,1.3904414198033925,1.4293508186004735
3N_3H_14x0_pyridinic,1,1.1039626380374945,0.4464285714285714,1.345291479820628,1.345291479820628,6,0.25585912646169306,0.49392691439999936,6.581225068821652,6.581225068821652,2,0.0,-0.006,-0.052,0.637156,3.0,0.0,3.0,1.0,2.0768237780076304,2.0978603463705086,1.8922128426936906,2.146304084276801,1.2417932064435828,1.2417932064435828,1.425643935794235,1.4300774411667898
3N_3H_14x0_pyridinic,2,0.46070729886995393,0.4464285714285714,1.345291479820628,1.345291479820628,6,0.15024829289566533,0.2976235015499995,1.359415032943907,3.018487260959739,2,0.0,0.219,0.052,0.637156,2.0,0.33333333333333304,2.6666666666666665,1.0,2.044202356866941,2.1166851631344956,2.1169739367015943,4.166211370477992,3.0863398675797247,2.009930327569844,1.361052563927398,1.465197127681297
3N_3H_14x0_pyridinic,3,0.789702708475344,0.4464285714285714,1.345291479820628,1.345291479820628,6,0.1520799447308853,0.31478881299999983,4.254863616810553,4.980243775531015,2,0.0,-0.007,-0.055,0.637156,2.0,0.0,3.0,1.0,2.0610380402353528,2.1089074155626126,2.1169739367015943,4.166211370477992,3.1185205262139237,2.566146492576914,1.4257518732695522,1.434011183036274
4N_3H_14x0_pyridinic,0,0.09508165237192764,0.8928571428571428,1.8018018018018018,1.3513513513513513,7,0.2642755350048216,0.5239765619499996,0.0,2.6373556804799207,1,0.0,-0.592,0.0,0.692737,2.0,1.0,2.0,1.0,2.094998101086873,4.188187206092714,2.094998101086873,4.188187206092714,nan,1.584888898921433,1.3599267876853756,1.375364606691571
4N_3H_14x0_pyridinic,1,1.0324753530943596,0.8928571428571428,1.8018018018018018,1.3513513513513513,6,0.04099364774609672,0.40153824509999936,2.387312240026736,2.387312240026736,1,0.0,-0.017,-0.0,0.692737,3.0,0.0,3.0,1.0,2.0831047035429053,2.0971242767300695,1.9550422074378953,2.167059320879978,1.5488603085459998,1.5488603085459998,1.42300617461793,1.435289402836197
4N_3H_14x0_pyridinic,2,0.5774588768391661,0.8928571428571428,1.8018018018018018,1.3513513513513513,6,0.3875397238337675,0.7054164945500023,2.4495231035125955,2.4495231035125955,1,0.0,-0.079,0.0,0.692737,3.0,0.0,3.0,1.0,2.0630643717004338,2.0928738762968275,1.9550422074378953,2.167059320879978,2.565181239690032,2.565181239690032,1.4360746996552136,1.4606146975202314
4N_3H_14x0_pyridinic,3,0.701993170195293,0.8928571428571428,1.8018018018018018,1.3513513513513513,6,0.3300827524876263,0.6280828805000009,4.240686673531337,4.240686673531337,1,0.0,-0.015,0.0,0.692737,3.0,0.0,3.0,1.0,2.0478495994163675,2.117528997243633,1.9532798928914137,2.166630244388651,0.03492447101844477,0.03492447101844477,1.4289118348935104,1.436983735299643
1N_3H_8x8_graphitic,0,-0.43506190577265785,0.0,0.4464285714285714,1.3392857142857142,6,0.05178729257251661,0.4384125959000036,3.8620428472702155,1.484977646719817,2,0.5235987755982988,0.002,0.149,1.23493,3.333333333333333,0.0,3.333333333333333,1.0,2.045642951610351,2.1550465160904184,2.034231428378178,2.1604391703373618,0.18846084175364228,0.603464217217128,1.4013326769595924,1.5239452158331477
1N_3H_8x8_graphitic,1,1.4472904536872193,0.0,0.4464285714285714,1.3392857142857142,6,0.0260989200313717,0.34620300990000086,4.9939726182551665,4.455379478459978,2,0.5235987755982988,-0.001,-0.024,1.23493,3.333333333333333,0.0,3.0,1.0,2.082263339718371,2.0968871813842394,2.034231428378178,2.1604391703373618,1.0274999005873968,1.5753433147152518,1.42467869398919,1.4307869109847744
1N_3H_8x8_graphitic,2,0.5402522149065507,0.0,0.4464285714285714,1.3392857142857142,6,0.021645441301348663,0.34494168185000085,7.13755245346301,8.659049139815213,2,0.5235987755982988,-0.002,0.055,1.23493,3.333333333333333,0.0,3.0,1.0,2.0796485540306633,2.100546231071154,2.034231428378178,2.1604391703373618,2.6170801889371256,2.599903088260018,1.429075971533874,1.433023068282183
1N_3H_8x8_graphitic,3,1.028793805082832,0.0,0.4464285714285714,1.3392857142857142,6,0.030378944723240448,0.39634530525000056,5.182099656635671,3.8806480448525456,2,0.5235987755982988,0.003,0.03,1.23493,3.333333333333333,0.0,3.0,1.0,2.0808080081412728,2.0976821606805847,2.034231428378178,2.1604391703373618,0.7501012531461245,1.2497076292940144,1.4249797113225537,1.4335907910736663
1N_3H_8x8_pyridinic,0,-0.6090915777578467,0.4464285714285714,0.4484304932735426,1.345291479820628,6,0.03633253533634839,0.30023885670000006,2.3784560308998057,1.4850623870575534,2,0.5235987755982988,0.016,0.151,0.904159,3.333333333333333,0.0,3.333333333333333,1.0,2.0515539915239303,2.1240958206638676,1.9878341465378648,2.0759679714235437,2.957641074186657,2.579629856584043,1.3983497164725294,1.505085801464542
1N_3H_8x8_pyridinic,1,1.235480525060444,0.4464285714285714,0.4484304932735426,1.345291479820628,6,0.020216014671197283,0.3066520536499997,5.311955814642043,4.326617828178317,2,0.5235987755982988,0.0,-0.013,0.904159,3.333333333333333,0.0,3.0,1.0,2.0645096166755663,2.1153602538972023,1.9878341465378648,2.0759679714235437,1.7507007840229214,1.53342831982832,1.421609571285028,1.4371035817299174
1N_3H_8x8_pyridinic,2,0.29816252386419007,0.4464285714285714,0.4484304932735426,1.345291479820628,6,0.029547732477214962,0.35149828680000006,6.449188484662143,5.0995369230863465,2,0.5235987755982988,0.003,0.065,0.904159,3.333333333333333,0.0,3.0,1.0,2.0641189227379484,2.1109326994097386,1.9878341465378648,2.0759679714235437,2.7309642549950923,2.805132539480716,1.423777907485557,1.4404179293208097
1N_3H_8x8_pyridinic,3,0.8944482917218131,0.4464285714285714,0.4484304932735426,1.345291479820628,6,0.01722495332911801,0.26194860684999943,2.7036972057419058,2.525370524224253,2,0.5235987755982988,0.004,-0.049,0.904159,3.333333333333333,0.0,3.0,1.0,2.0651978768131936,2.0948763394038443,1.9878341465378648,2.0759679714235437,2.6033356339837486,2.0916462606679698,1.3983497164725294,1.4393257701188626
1N_3H_8x8_pyrrolic,0,-1.7625779190197348,0.4464285714285714,0.4484304932735426,1.345291479820628,6,0.0534171246485762,0.21896722749999853,2.7382229126193587,2.694345094071676,2,0.5235987755982988,-0.268,0.749,1.37172,3.0,0.0,2.0,1.0,2.219244105657824,4.063941201521763,1.9521422580670287,2.201420046586709,2.069576403732518,3.0207406753786934,1.3860100292704496,1.3912988456489352
1N_3H_8x8_pyrrolic,1,1.6164085660308487,0.4464285714285714,0.4484304932735426,1.345291479820628,6,0.2518058649154348,0.4661614841000006,3.7250988604918764,3.7250988604918764,2,0.5235987755982988,0.01,-0.011,1.37172,3.0,0.0,3.0,1.0,2.0631098604038804,2.104873177303741,1.9521422580670287,2.201420046586709,2.9727674416522065,2.9727674416522065,1.4316897982730457,1.4341363352389733
1N_3H_8x8_pyrrolic,2,-0.6092589793701708,0.4464285714285714,0.4484304932735426,1.345291479820628,6,0.30725480059682175,0.7310661298000003,10.954753652038944,8.521219879910214,2,0.5235987755982988,-0.002,0.004,1.37172,3.0,-1.0,3.0,1.0,2.082237005913649,2.094661664456892,1.9521422580670287,2.201420046586709,2.509713892445007,2.7389773903529853,1.4264213531305556,1.429633347525656
1N_3H_8x8_pyrrolic,3,-0.1715052824037601,0.4464285714285714,0.4484304932735426,1.345291479820628,6,0.14084635680466281,1.2205811993499998,2.3865852027708176,2.3865852027708176,2,0.5235987755982988,-0.025,0.006,1.37172,3.0,-1.0,3.0,1.0,2.083879799350604,2.0930067580997065,1.9521422580670287,2.201420046586709,1.0152626302307564,1.0152626302307564,1.4253225672980914,1.4326694568534302
1N_3H_8x8_pyrrolic_SW_A,0,-0.7917780003976188,0.0,0.4464285714285714,1.3392857142857142,6,0.11869209975253431,0.2664276304000017,3.3937158053600807,1.4831595455418511,2,0.5235987755982988,0.014,0.206,1.356044,3.333333333333333,0.0,3.333333333333333,1.0,1.9684005753199534,2.161173402753229,1.8805286042038294,1.968166613270827,0.3342076909263006,0.4080863257745569,1.3757299431947716,1.4842877501563037
1N_3H_8x8_pyrrolic_SW_A,1,1.629331520820103,0.0,0.4464285714285714,1.3392857142857142,6,0.01557018752018344,0.1968115173999978,3.0808413711197984,2.7093256694852372,2,0.5235987755982988,0.0,-0.068,1.356044,3.333333333333333,0.0,3.0,1.0,2.034210095630839,2.1972057608586355,1.8805286042038294,1.968166613270827,0.9052859933582269,1.287180761728639,1.4190485022275607,1.456670378006307
1N_3H_8x8_pyrrolic_SW_A,2,0.3820325178444728,0.0,0.4464285714285714,1.3392857142857142,6,0.025693008327207965,0.3957265922999973,3.482023555143711,4.583315996614988,2,0.5235987755982988,0.011,0.054,1.356044,3.333333333333333,0.0,3.0,1.0,2.02170423281249,2.156010469468326,1.8805286042038294,1.968166613270827,2.686346320585624,2.8213943538410593,1.3859425414128426,1.4205203246975777
1N_3H_8x8_pyrrolic_SW_A,3,1.3706009859631354,0.0,0.4464285714285714,1.3392857142857142,6,0.24454786124893169,0.4681379306000002,6.681865682874774,6.630969970628884,2,0.5235987755982988,0.0,0.018,1.356044,3.333333333333333,0.0,3.0,1.0,2.0842675332028713,2.0941269734391046,1.8805286042038294,1.968166613270827,1.6669464025972094,1.9886090921643826,1.4275169215789518,1.428436915720997
1N_3H_8x8_pyrrolic_SW_B,0,-0.45414460982068217,0.0,0.4464285714285714,1.3392857142857142,6,0.06828447605468133,0.5125498691000008,3.724847866052861,1.462386115790269,2,0.5235987755982988,0.002,0.154,1.364981,3.333333333333333,0.0,3.333333333333333,1.0,1.9975376844963644,2.1972176972951236,1.8305370033869741,2.188733880839369,2.98527784685736,2.5051786000516096,1.3980325923355517,1.5075207418301158
1N_3H_8x8_pyrrolic_SW_B,1,1.612625548011079,0.0,0.4464285714285714,1.3392857142857142,6,0.03971313707114086,0.4244718551000002,2.4296024483827097,2.4649142147379663,2,0.5235987755982988,-0.029,-0.039,1.364981,3.333333333333333,0.0,3.0,1.0,2.0724212617405846,2.1317119381992824,1.8305370033869741,2.188733880839369,2.0503870436676066,1.0126944896771182,1.4127661530100768,1.4373452599989975
1N_3H_8x8_pyrrolic_SW_B,2,0.5045993723942265,0.0,0.4464285714285714,1.3392857142857142,6,0.07679710033863824,0.5784152802000007,4.118599837585719,5.307804941276153,2,0.5235987755982988,-0.014,0.031,1.364981,3.333333333333333,0.0,3.0,1.0,1.914169385336767,2.144069957552465,1.8305370033869741,2.188733880839369,0.13096013142879726,0.09276746684437584,1.3818487683389191,1.4262320843843774
1N_3H_8x8_pyrrolic_SW_B,3,1.0634328251911078,0.0,0.4464285714285714,1.3392857142857142,6,0.04455150776077265,0.3920274535999986,5.151185249904076,3.8651339721725297,2,0.5235987755982988,0.001,0.037,1.364981,3.333333333333333,0.0,3.0,1.0,2.071855034354033,2.1021333199799317,1.8305370033869741,2.188733880839369,2.346742069657459,1.8596970021068098,1.422072967676706,1.4303984215388095
2N_3H_8x8_graphitic,0,-0.0928125011170266,0.0,0.8928571428571428,1.3392857142857142,6,0.052918352949350995,0.4835113301500007,1.401077268646015,2.458508390806889,1,0.5235987755982988,0.149,0.0,1.198322,3.333333333333333,0.33333333333333304,3.0,1.0,2.0573601068798637,2.104532621394422,2.064280866449959,2.118852733064002,0.5155714513607759,0.17054146528090022,1.4034315057870086,1.4278812049020035
2N_3H_8x8_graphitic,1,1.5111269686788464,0.0,0.8928571428571428,1.3392857142857142,7,0.05023952202684546,0.4388438086000015,0.0,1.43736587512242,1,0.5235987755982988,-0.283,0.0,1.198322,3.333333333333333,1.0,3.333333333333333,1.0,2.065246112234842,2.1194907399853693,2.065246112234842,2.1194907399853693,nan,2.540483547072588,1.395890939825695,1.5011411471432732
2N_3H_8x8_graphitic,2,0.7340332701268547,0.0,0.8928571428571428,1.3392857142857142,6,0.046779405737916564,0.42809524295000045,5.688155117470543,6.263572499700481,1,0.5235987755982988,0.002,-0.0,1.198322,3.333333333333333,0.0,3.0,1.0,2.0820333092051464,2.0936634879736755,2.064280866449959,2.118852733064002,0.5145766761830152,0.13600693134844336,1.425684959712395,1.431798287257208
2N_3H_8x8_graphitic,3,0.8782103176991762,0.0,0.8928571428571428,1.3392857142857142,6,0.04827359187130104,0.48823052160000024,6.206859545415522,7.406354070053574,1,0.5235987755982988,0.002,0.0,1.198322,3.333333333333333,0.0,3.0,1.0,2.0805840143281604,2.0966814908508393,2.064280866449959,2.118852733064002,0.11087275863799814,0.06017819709267175,1.4286829577908318,1.4303578601871403
3N_3H_8x8_pyridinic,0,-0.38005542504292406,0.4464285714285714,1.345291479820628,1.345291479820628,6,0.17696014465002183,1.102197464399997,1.3817523601713726,1.3817523601713726,2,0.5235987755982988,0.202,0.08,0.654319,3.0,0.33333333333333304,3.0,1.0,2.0474817947094444,2.114620341190085,1.8975426039706198,2.170649596048404,0.5788898472957815,0.5788898472957815,1.381566468071667,1.4421812150757152
3N_3H_8x8_pyridinic,1,0.9717449726240511,0.4464285714285714,1.345291479820628,1.345291479820628,6,0.4299630049192749,0.7831512130999991,7.565168232900928,9.454767131647293,2,0.5235987755982988,0.001,0.004,0.654319,2.0,0.0,3.0,1.0,2.081486856752346,2.097015813467627,2.1025668841712144,4.180618423008372,2.300329339796256,2.5132656804674065,1.429097907652109,1.4303309860400653
3N_3H_8x8_pyridinic,2,0.30064309648573073,0.4464285714285714,1.345291479820628,1.345291479820628,6,0.20137509134020748,0.4441561209499989,2.4468735570825277,2.4468735570825277,2,0.5235987755982988,-0.071,-0.008,0.654319,3.0,0.0,3.0,1.0,2.048193440678801,2.14217930961605,2.0186694262707117,2.189836650100116,2.9809005259101484,2.9809005259101484,1.429762101072302,1.4587238757094139
3N_3H_8x8_pyridinic,3,0.6934096629348016,0.4464285714285714,1.345291479820628,1.345291479820628,6,0.3847574756344256,0.7230337631000019,7.720454069916748,7.720454069916748,2,0.5235987755982988,0.002,0.019,0.654319,3.0,0.0,3.0,1.0,2.081078830702766,2.09728862412177,2.0186694262707117,2.189836650100116,1.92085028654715,1.92085028654715,1.428189960034251,1.4292223156380748
4N_3H_8x8_pyridinic,0,0.33063561910672157,0.8928571428571428,1.8018018018018018,1.3513513513513513,7,0.30824671045042895,0.7008120017000001,0.0,2.660005211918793,1,0.5235987755982988,-0.582,0.0,1.339462,2.0,1.0,2.0,1.0,2.0979731547860583,4.185212152393528,2.0979731547860583,4.185212152393528,nan,2.108783787969024,1.3601636084078794,1.3730813543280391
4N_3H_8x8_pyridinic,1,1.0935222381588707,0.8928571428571428,1.8018018018018018,1.3513513513513513,6,0.23612743284270418,0.48769494520000034,2.443945220448813,3.733305977204725,1,0.5235987755982988,-0.017,0.0,1.339462,2.0,0.0,3.0,1.0,2.0583359241858625,2.122753735217962,2.0979731547860583,4.185212152393528,2.091341952694149,1.2129748263523887,1.423701790042891,1.4307810378659687
4N_3H_8x8_pyridinic,2,0.6715701461556041,0.8928571428571428,1.8018018018018018,1.3513513513513513,6,0.02673734188674375,0.2833721265999989,2.449786489540013,2.449786489540013,1,0.5235987755982988,-0.076,0.0,1.339462,3.0,0.0,3.0,1.0,2.0431126406532654,2.1182698252889733,1.9561925726202987,2.120137431705706,2.0366718993143547,2.0366718993143547,1.4246530927186998,1.4645030810825663
4N_3H_8x8_pyridinic,3,0.9321450807138539,0.8928571428571428,1.8018018018018018,1.3513513513513513,6,0.0646809345495859,0.3570545878500013,7.418534719280994,7.418534719280994,1,0.5235987755982988,-0.002,0.0,1.339462,3.0,0.0,3.0,1.0,2.0786862712954104,2.0984105943425386,1.9561925726202987,2.120137431705706,2.1098536411514694,2.1098536411514694,1.4282259576423668,1.4320205966827981
1N_4H_14x0_graphitic,0,-0.41369253569279546,0.0,0.4464285714285714,1.7857142857142856,6,0.08403660034336019,0.5034474539999998,4.360557025283704,1.480400344870466,1,0.0,0.016,0.0,0.72693,3.333333333333333,0.0,3.333333333333333,1.0,2.0600783919167522,2.12014598720837,2.0162304897985126,2.143468519438349,3.1097566590893746,2.927656892269842,1.4064067154238828,1.5145627129903703
1N_4H_14x0_graphitic,1,1.4858800960753613,0.0,0.4464285714285714,1.7857142857142856,7,0.02164913505156499,0.3777288638999998,0.0,1.4078578540479045,1,0.0,-0.282,-0.0,0.72693,3.333333333333333,1.0,3.333333333333333,1.0,2.0162304897985126,2.143468519438349,2.0162304897985126,2.143468519438349,nan,1.134493020938248,1.3947437673840897,1.5118489327374578
1N_4H_14x0_graphitic,2,0.3692129057409749,0.0,0.4464285714285714,1.7857142857142856,6,0.05929065180232759,0.4514322798499997,5.182642276077435,2.528267373766006,1,0.0,-0.015,-0.0,0.72693,3.333333333333333,0.0,3.0,1.0,2.060423568318675,2.0916126321724846,2.0162304897985126,2.143468519438349,2.912520789180053,2.5875806400068133,1.4064067154238828,1.4524342919248454
1N_4H_14x0_graphitic,3,0.5225215540717144,0.0,0.4464285714285714,1.7857142857142856,6,0.26333681856860014,0.5070714135499994,7.128321572126936,6.712544365508422,1,0.0,0.002,-0.0,0.72693,3.333333333333333,0.0,3.0,1.0,2.07096939680525,2.096869862471748,2.0162304897985126,2.143468519438349,1.0229320365844685,0.8791038453117945,1.4264356591294138,1.4314001189319279
1N_4H_14x0_pyridinic,0,0.05623385004246691,0.4464285714285714,0.4484304932735426,1.7937219730941705,6,0.18447756645483662,0.39053631904999886,4.45023458107398,2.5404022587481427,1,0.0,-0.028,0.0,0.997823,3.0,0.0,3.0,1.0,2.0530299930323253,2.1209439380154835,1.9925630270441301,2.1768425038854957,0.047142523630728426,0.6143197590847345,1.4255384657410324,1.4608458124526147
1N_4H_14x0_pyridinic,1,0.8991955786554255,0.4464285714285714,0.4484304932735426,1.7937219730941705,6,0.026956327122835858,0.39573781960000165,5.085249350751817,2.374832885414939,1,0.0,-0.006,0.0,0.997823,3.0,0.0,3.0,1.0,2.0895756311783056,2.0976369288612604,1.9925630270441301,2.1768425038854957,0.4973418756540241,0.5269926658442747,1.4247230417000398,1.4332738844106485
1N_4H_14x0_pyridinic,2,0.47730074996420374,0.4464285714285714,0.4484304932735426,1.7937219730941705,6,0.09328750817768236,0.2613693045000023,6.711140886433176,4.231804564694735,1,0.0,-0.007,0.0,0.997823,3.0,0.0,3.0,1.0,2.0630122018825103,2.1068044293890185,1.9925630270441301,2.1768425038854957,0.18429583778114195,0.10764737765028284,1.423030446536624,1.4360985612902337
1N_4H_14x0_pyridinic,3,0.6175224547261238,0.4464285714285714,0.4484304932735426,1.7937219730941705,6,0.03875561362976943,0.3689174307499994,3.7304519436567247,3.7304519436567247,1,0.0,0.012,0.0,0.997823,3.0,0.0,3.0,1.0,2.0766604643686652,2.1099660760856342,1.9925630270441301,2.1768425038854957,1.7256817039489623,1.7256817039489623,1.4321728252308585,1.4364572526469073
1N_4H_14x0_pyrrolic,0,-0.09065375819773115,0.4464285714285714,0.4484304932735426,1.7937219730941705,6,0.0555173521567807,0.3203986969499999,4.455203370046314,2.5083350293510263,1,0.0,-0.021,0.0,0.860849,3.0,0.0,3.0,1.0,2.0266984772334498,2.14832880222514,1.989390899926074,2.210444446491631,2.1054881122234046,2.670925003561768,1.4410494024393619,1.4621098362735967
1N_4H_14x0_pyrrolic,1,0.8101324287687824,0.4464285714285714,0.4484304932735426,1.7937219730941705,6,0.05118848161333336,0.38045983244999926,5.042510836791507,2.396482653221992,1,0.0,-0.005,0.0,0.860849,3.0,0.0,3.0,1.0,2.080347109577335,2.1084421938482967,1.989390899926074,2.210444446491631,1.588641962567627,1.615195556143106,1.4250829148655029,1.437072823625859
1N_4H_14x0_pyrrolic,2,0.4341874892312532,0.4464285714285714,0.4484304932735426,1.7937219730941705,6,0.11592037864263388,0.2688497127999998,2.4589818438949886,2.4589818438949886,1,0.0,-0.058,-0.0,0.860849,3.0,0.0,3.0,1.0,2.0428128394462015,2.1328214327075417,1.989390899926074,2.210444446491631,0.5794720551605493,0.5794720551605493,1.4318416578891682,1.460590225386257
1N_4H_14x0_pyrrolic,3,0.596124873518551,0.4464285714285714,0.4484304932735426,1.7937219730941705,6,0.10885183738142225,0.23697538510000005,6.486205042406522,6.486205042406522,1,0.0,-0.004,0.0,0.860849,3.0,0.0,3.0,1.0,2.063370260155018,2.0975384900274023,1.989390899926074,2.210444446491631,3.020113901665892,3.020113901665892,1.4208239886940581,1.4277905860870985
1N_4H_14x0_pyrrolic_SW_A,0,-0.3628060868148335,0.0,0.4464285714285714,1.7857142857142856,6,0.020254232148049073,0.291836035150002,2.4619409013176092,1.5230349629919457,1,0.0,-0.028,0.0,0.962802,3.333333333333333,0.0,3.333333333333333,1.0,1.8389924264668083,2.3758890349918214,1.9478957016703966,2.215132409863543,1.0181388665239306,0.6931630060134267,1.4086402523260304,1.5756671350284162
1N_4H_14x0_pyrrolic_SW_A,1,1.5013987680581877,0.0,0.4464285714285714,1.7857142857142856,7,0.04612368148683405,0.4194594650500001,0.0,1.283471607866356,1,0.0,-0.263,-0.0,0.962802,3.333333333333333,1.0,3.333333333333333,1.0,1.9478957016703966,2.215132409863543,1.9478957016703966,2.215132409863543,nan,1.6276078108923102,1.4426527865529,1.4596965760930527
1N_4H_14x0_pyrrolic_SW_A,2,0.42395740592003833,0.0,0.4464285714285714,1.7857142857142856,6,0.03170812319261192,0.3591749872000003,5.857303236197165,2.5187937077708025,1,0.0,-0.007,0.0,0.962802,3.333333333333333,0.0,3.0,1.0,2.039583798386951,2.112900997148476,1.9478957016703966,2.215132409863543,2.590826788964701,2.5703232746117237,1.430526446803641,1.4398490688193428
1N_4H_14x0_pyrrolic_SW_A,3,0.59480911723111,0.0,0.4464285714285714,1.7857142857142856,6,0.02788515932773554,0.36056932000000064,9.03943695581138,8.313473147833006,1,0.0,0.0,-0.0,0.962802,3.333333333333333,0.0,3.0,1.0,2.0741299443303145,2.1053636943721177,1.9478957016703966,2.215132409863543,2.6413708098829423,2.2568787477269363,1.4295623998596247,1.4384809878737173
1N_4H_14x0_pyrrolic_SW_B,0,-0.2894220266461726,0.0,0.4464285714285714,1.7857142857142856,6,0.01940471719474011,0.3698493822999991,2.654464536058241,1.5156527151304693,1,0.0,-0.03,0.0,0.898264,3.666666666666666,4.440892098500626e-16,3.333333333333333,1.0,2.042317007824212,2.1295230812500248,1.843681280264828,2.299860137357698,0.5718598612814139,1.0941130060433495,1.4355195117676456,1.5596032538477174
1N_4H_14x0_pyrrolic_SW_B,1,1.1915735568289867,0.0,0.4464285714285714,1.7857142857142856,7,0.06623524063516618,0.3828511036499984,0.0,1.4456702454519519,1,0.0,-0.321,-0.0,0.898264,3.666666666666666,1.0,3.666666666666666,1.0,1.843681280264828,2.299860137357698,1.843681280264828,2.299860137357698,nan,0.6649232968553653,1.3602812227529335,1.5475412046588497
1N_4H_14x0_pyrrolic_SW_B,2,0.2824926624620744,0.0,0.4464285714285714,1.7857142857142856,6,0.03178669871137936,0.3927098295500002,4.765152441599246,2.785389793459818,1,0.0,0.006,0.0,0.898264,3.666666666666666,0.0,3.0,1.0,1.9987054681818925,2.212900277803389,1.843681280264828,2.299860137357698,2.5381407424800404,2.8318225654472022,1.4598758590604373,1.4696958701518705
1N_4H_14x0_pyrrolic_SW_B,3,0.5643928041533374,0.0,0.4464285714285714,1.7857142857142856,6,0.020940635757819584,0.30508279719999765,8.622169234651047,6.561960380843562,1,0.0,-0.003,0.0,0.898264,3.666666666666666,0.0,3.0,1.0,2.0741652511082003,2.1146412378589123,1.843681280264828,2.299860137357698,2.519816825536945,2.618822849860254,1.4315061054100933,1.4415362472618194
2N_4H_14x0_graphitic,0,-0.553854718640577,0.0,0.8928571428571428,1.7857142857142856,6,0.08650906350995073,0.5036844853,2.823136249329143,1.4735434971239407,2,0.0,0.004,0.074,0.600075,3.0,0.0,3.333333333333333,1.0,2.0666639873234995,2.1335924857224624,2.069379163634474,2.1270210480379297,2.1200773917501357,2.927106427646157,1.4041397628571939,1.5072569506054312
2N_4H_14x0_graphitic,1,1.468610633994763,0.0,0.8928571428571428,1.7857142857142856,7,0.02014048560766787,0.35644029404999955,0.0,1.40753049037633,2,0.0,-0.294,0.029,0.600075,3.333333333333333,1.0,3.333333333333333,1.0,2.0127111765540815,2.148034973813441,2.0127111765540815,2.148034973813441,nan,1.139699705049547,1.4020747797962545,1.506405421431853
2N_4H_14x0_graphitic,2,0.5124805522691812,0.0,0.8928571428571428,1.7857142857142856,6,0.02183509272135406,0.3275085737499994,5.113302003741992,4.936170679486954,2,0.0,0.001,0.028,0.600075,3.333333333333333,0.0,3.0,1.0,2.0772711450089703,2.094570042970734,2.0127111765540815,2.148034973813441,0.7885538518186518,0.5596072097150849,1.4251788430171106,1.4310643284390803
2N_4H_14x0_graphitic,3,0.6860969595343724,0.0,0.8928571428571428,1.7857142857142856,6,0.043600709818950464,0.42078685949999883,4.938722541217655,6.7104798136121415,2,0.0,0.005,0.022,0.600075,3.0,0.0,3.0,1.0,2.07598814899433,2.095652716367212,2.069379163634474,2.1270210480379297,0.5269717122329927,0.8632832502148456,1.425677113349348,1.429132934818729
3N_4H_14x0_pyridinic,0,-0.04965094455615257,0.4464285714285714,1.345291479820628,1.7937219730941705,6,0.05691716753173863,0.4372363673500006,2.456791772453843,1.4597488614081082,1,0.0,-0.059,0.0,0.928747,2.0,0.0,3.333333333333333,1.0,1.979104212252646,2.2176259514869634,2.1149191851857934,4.168266121993793,2.5924606188341577,1.9657361138818197,1.425099458304677,1.5545336571042527
3N_4H_14x0_pyridinic,1,1.094611134840317,0.4464285714285714,1.345291479820628,1.7937219730941705,6,0.04731071807879468,0.5223612266500002,1.377247953159595,2.601182686728529,1,0.0,0.212,0.0,0.928747,2.0,0.33333333333333304,2.6666666666666665,1.0,2.0569984900277487,2.1344224486106547,2.1149191851857934,4.168266121993793,3.0714880161297167,1.525393570322113,1.3797150930889384,1.443423243409351
3N_4H_14x0_pyridinic,2,0.6017901714682258,0.4464285714285714,1.345291479820628,1.7937219730941705,6,0.06444829888198826,0.51675313455,5.060066339250272,5.060066339250272,1,0.0,0.007,-0.0,0.928747,3.0,0.0,3.0,1.0,2.0704666703591124,2.0984651755982755,1.9096565777858427,2.150180755457815,0.24807096899286604,0.24807096899286604,1.4282625523275274,1.430736809206681
3N_4H_14x0_pyridinic,3,0.6566799837738276,0.4464285714285714,1.345291479820628,1.7937219730941705,6,0.3779596577960284,0.7038989471499981,6.342519514226306,7.805236791825838,1,0.0,0.006,0.0,0.928747,2.0,0.0,3.0,1.0,2.0679214241418937,2.102411584969961,2.1149191851857934,4.168266121993793,1.4481654906346488,1.7883083880419848,1.4260173336337953,1.4286072335461688
4N_4H_14x0_pyridinic,0,-0.42394531482445447,0.8928571428571428,1.8018018018018018,1.8018018018018018,6,0.14066740780878478,1.207723723850001,1.3801520193760415,1.3801520193760415,2,0.0,0.21,0.093,0.874224,3.0,0.33333333333333304,3.0,1.0,2.0588188054459526,2.1348909650678842,2.0173463817013544,2.185620673806307,0.09092896972532892,0.09092896972532892,1.3830554208465615,1.447589566878242
4N_4H_14x0_pyridinic,1,1.0981942550536126,0.8928571428571428,1.8018018018018018,1.8018018018018018,6,0.06593078106862468,0.38902738290000016,4.2764468094525405,4.2764468094525405,2,0.0,-0.002,-0.058,0.874224,3.0,0.0,3.0,1.0,2.079477348364226,2.1011196943369645,1.9728028526270645,2.11664245971728,1.0468390718037115,1.0468390718037115,1.4195412257231612,1.4371707442436845
4N_4H_14x0_pyridinic,2,0.3949426439649145,0.8928571428571428,1.8018018018018018,1.8018018018018018,6,0.10305541350353,0.31423349564999636,1.3769174657817271,1.3769174657817271,2,0.0,0.224,-0.031,0.874224,3.0,0.33333333333333304,3.0,1.0,2.075001441940378,2.1061204058518084,1.919639707789654,2.1528254558846758,3.052405489392691,3.052405489392691,1.3813477644632268,1.4340099474787986
4N_4H_14x0_pyridinic,3,0.8702050626806145,0.8928571428571428,1.8018018018018018,1.8018018018018018,6,0.03863515188025454,0.4018464838999982,2.4498590424300484,3.744713062851248,2,0.0,-0.02,0.045,0.874224,2.0,0.0,3.0,1.0,2.075902958615852,2.1097451042392104,2.0926309740128533,4.190554333166733,1.5689595420190459,2.4495215371917904,1.4226599479828244,1.4342698737894004
1N_4H_8x8_graphitic,0,-0.039904997087591904,0.0,0.4464285714285714,1.7857142857142856,6,0.051426992461390854,0.4563776292999995,5.062241143013657,1.4718590432338665,1,0.5235987755982988,0.003,0.0,1.622045,3.333333333333333,0.0,3.333333333333333,1.0,2.0441116555684884,2.150336881312291,2.0305482949907048,2.1544068774788787,0.008663501735715054,0.6078281300774322,1.3965749360709554,1.5182394001044057
1N_4H_8x8_graphitic,1,1.6291783009447496,0.0,0.4464285714285714,1.7857142857142856,6,0.022602229367046787,0.35859014274999756,3.7387099456259567,2.453351352645157,1,0.5235987755982988,0.001,-0.0,1.622045,3.333333333333333,0.0,3.0,1.0,2.0698712632819873,2.134841688905171,2.0305482949907048,2.1544068774788787,0.819152865132624,2.09450865403904,1.4120364907118803,1.4378100194154468
1N_4H_8x8_graphitic,2,0.8613703517179669,0.0,0.4464285714285714,1.7857142857142856,6,0.03503300535945259,0.43439907934999855,4.255110113640758,5.0977943601588285,1,0.5235987755982988,-0.01,-0.0,1.622045,3.333333333333333,0.0,3.0,1.0,2.0676133398839114,2.1056195016110446,2.0305482949907048,2.1544068774788787,2.6063754157690853,2.8298181500022066,1.4254633403106134,1.4314913258453346
1N_4H_8x8_graphitic,3,0.9707636126508666,0.0,0.4464285714285714,1.7857142857142856,6,0.027413146539732806,0.3480216509499998,4.267748872720745,3.854827078020287,1,0.5235987755982988,-0.003,0.0,1.622045,3.333333333333333,0.0,3.0,1.0,2.070261113399915,2.1025512928682777,2.0305482949907048,2.1544068774788787,1.5521897716238573,1.873910043950034,1.4224052790958024,1.4331846246150235
1N_4H_8x8_pyridinic,0,-0.09681892655356185,0.4464285714285714,0.4484304932735426,1.7937219730941705,6,0.06591146304504998,0.4509895974999978,3.7283019000046473,1.4301380061480913,1,0.5235987755982988,0.029,-0.0,1.473627,3.333333333333333,0.0,3.333333333333333,1.0,2.0371147848011653,2.128513390767381,1.9902486735623734,2.0694358158071875,2.856808597665142,2.4991830436108,1.3933992227090752,1.4959699674104612
1N_4H_8x8_pyridinic,1,1.3016150835006568,0.4464285714285714,0.4484304932735426,1.7937219730941705,6,0.019635913577392434,0.3022341826999977,2.6663216706687045,2.282595118644189,1,0.5235987755982988,0.017,-0.0,1.473627,3.333333333333333,0.0,3.0,1.0,1.9916548059467412,2.282753965524513,1.9902486735623734,2.0694358158071875,1.4579447714994285,0.990984193391326,1.451618110940971,1.4987316272581417
1N_4H_8x8_pyridinic,2,0.549572412998111,0.4464285714285714,0.4484304932735426,1.7937219730941705,6,0.0738369271820555,0.4661799758499976,4.856420591406363,2.438448756652514,1,0.5235987755982988,-0.017,-0.0,1.473627,3.333333333333333,0.0,3.0,1.0,2.0712412681218026,2.084118576273401,1.9902486735623734,2.0694358158071875,3.0239099884913276,2.9541682668298135,1.4174190983487513,1.4362619952850557
1N_4H_8x8_pyridinic,3,0.9576902778949774,0.4464285714285714,0.4484304932735426,1.7937219730941705,6,0.2119602187469489,0.41538404664999984,9.728186157870542,8.837720036345372,1,0.5235987755982988,-0.0,0.0,1.473627,3.333333333333333,0.0,3.0,1.0,2.071344987123301,2.107590885407656,1.9902486735623734,2.0694358158071875,1.5460254421587354,1.4047781451859596,1.423169366790687,1.4250522576542064
1N_4H_8x8_pyrrolic,0,0.41828945984477955,0.4464285714285714,0.4484304932735426,1.7937219730941705,6,0.026130448578216316,0.32766598700000005,4.477497285040997,2.5434782810486944,1,0.5235987755982988,-0.022,-0.0,1.431133,3.0,0.0,3.0,1.0,2.0460641377690156,2.152349947687172,2.0028844284953187,2.2142281219386852,1.5702146697868136,2.1670729491453087,1.4485102809403059,1.4567018879013054
1N_4H_8x8_pyrrolic,1,1.1803848563873827,0.4464285714285714,0.4484304932735426,1.7937219730941705,6,0.15793022717761657,0.29175164460000147,5.859207124828712,3.8345669181557023,1,0.5235987755982988,0.002,0.0,1.431133,3.0,0.0,3.0,1.0,2.04986172475345,2.1128359979599716,2.0028844284953187,2.2142281219386852,1.5702784817581432,1.9569433550235913,1.4398829724739282,1.4485102809403059
1N_4H_8x8_pyrrolic,2,0.43946357857612567,0.4464285714285714,0.4484304932735426,1.7937219730941705,6,0.22108138324685572,1.2274687969999976,1.3808749164761667,1.3808749164761667,1,0.5235987755982988,0.213,0.0,1.431133,3.0,0.33333333333333304,3.0,1.0,2.037871461701602,2.131414289228349,2.0028844284953187,2.2142281219386852,2.6769375231735104,2.6769375231735104,1.3870166694698198,1.4388671987243722
1N_4H_8x8_pyrrolic,3,0.9486733114789565,0.4464285714285714,0.4484304932735426,1.7937219730941705,6,0.3088161016776833,0.5967995119500022,9.135829981777261,6.506161262908737,1,0.5235987755982988,0.0,-0.0,1.431133,3.0,0.0,3.0,1.0,2.0830005907958284,2.0938703719503153,2.0028844284953187,2.2142281219386852,2.349042279123761,2.404591097219145,1.4271337889675668,1.4286376166467358
1N_4H_8x8_pyrrolic_SW_A,0,-0.04248266678719721,0.0,0.4464285714285714,1.7857142857142856,6,0.06591960810967384,0.45698189350000007,4.690448925275943,1.4174838819661233,1,0.5235987755982988,0.026,0.0,1.466737,3.333333333333333,0.0,3.333333333333333,1.0,2.0100161391892875,2.1476627630819385,1.8825850708814613,1.9694965719941275,0.3358814031398791,0.650119579437358,1.3990079111455793,1.4795897804968088
1N_4H_8x8_pyrrolic_SW_A,2,1.2233620093097006,0.0,0.4464285714285714,1.7857142857142856,6,0.023882214662955842,0.3344748939499995,3.0928837317688984,2.520122623602428,1,0.5235987755982988,-0.004,0.0,1.466737,3.333333333333333,0.0,3.0,1.0,2.0263904162310964,2.146258010665067,1.8825850708814613,1.9694965719941275,1.3487253501134429,2.08048634043136,1.4302211813466266,1.4389811722391768
1N_4H_8x8_pyrrolic_SW_A,3,0.9544882509216137,0.0,0.4464285714285714,1.7857142857142856,6,0.17105116430127548,0.33642591519999954,6.395511970252521,7.484877707255938,1,0.5235987755982988,-0.001,0.0,1.466737,3.333333333333333,0.0,3.0,1.0,2.0733426694899033,2.108039834943312,1.8825850708814613,1.9694965719941275,2.3236050088330966,2.4121168153896746,1.42807432206992,1.4301219355822212
1N_4H_8x8_pyrrolic_SW_B,0,0.04527118807904864,0.0,0.4464285714285714,1.7857142857142856,6,0.047277724020175736,0.43626071524999954,4.935826999297746,1.4299820337732199,1,0.5235987755982988,0.011,-0.0,1.670036,3.333333333333333,0.0,3.333333333333333,1.0,2.0119150557230574,2.1705314766663157,1.8113935542543877,2.1652741300946676,3.105691288553209,2.490640119455973,1.398583742571812,1.4912890580903964
1N_4H_8x8_pyrrolic_SW_B,1,1.3959400773417872,0.0,0.4464285714285714,1.7857142857142856,6,0.033471984790745056,0.4241520334500013,2.4085580825923105,2.3880234466097963,1,0.5235987755982988,-0.033,0.0,1.670036,3.333333333333333,0.0,3.0,1.0,2.071758940417382,2.1301089636030923,1.8113935542543877,2.1652741300946676,2.066929528239214,1.0265660253341236,1.4220097305316433,1.4349961387145058
1N_4H_8x8_pyrrolic_SW_B,2,0.7204575169164008,0.0,0.4464285714285714,1.7857142857142856,6,0.020384363702529787,0.40057798245000065,5.214903524805903,6.517417564515064,1,0.5235987755982988,0.008,-0.0,1.670036,3.333333333333333,0.0,3.0,1.0,2.010848768577037,2.153065326149653,1.8113935542543877,2.1652741300946676,0.03781865651356354,0.14435660982572165,1.379171596834364,1.4267525911230816
1N_4H_8x8_pyrrolic_SW_B,3,0.9544431228966888,0.0,0.4464285714285714,1.7857142857142856,6,0.23752729074157747,0.4552381121,5.951598603841413,6.5528836889280155,1,0.5235987755982988,0.002,-0.0,1.670036,3.333333333333333,0.0,3.0,1.0,2.0822800106231667,2.096440802343371,1.8113935542543877,2.1652741300946676,1.551461036530794,1.1459453975878917,1.4228653518728447,1.4283652389450765
2N_4H_8x8_graphitic,0,-0.37753882204587275,0.0,0.8928571428571428,1.7857142857142856,6,0.02018223780527583,0.3826513559500011,1.402966609740142,2.46226718869294,2,0.5235987755982988,0.148,0.134,1.227264,3.333333333333333,0.33333333333333304,3.0,1.0,2.061557050379971,2.1007461962220355,2.069266580902014,2.1210236098913033,2.625276227550017,2.9798093350325594,1.403064446047683,1.4265422402746621
2N_4H_8x8_graphitic,1,1.2442764485415108,0.0,0.8928571428571428,1.7857142857142856,7,0.028060133642526613,0.35748840840000096,0.0,1.4347007070673106,2,0.5235987755982988,-0.279,0.083,1.227264,3.333333333333333,1.0,3.333333333333333,1.0,2.069266580902014,2.1210236098913033,2.069266580902014,2.1210236098913033,nan,2.5479658750639818,1.3942519787133025,1.49846025140786
2N_4H_8x8_graphitic,2,0.5027403169644855,0.0,0.8928571428571428,1.7857142857142856,6,0.026872407872938535,0.3423710749999995,4.993966917172891,5.368195294729306,2,0.5235987755982988,-0.005,0.057,1.227264,3.666666666666666,0.0,3.0,1.0,2.082948194486144,2.0990456065616985,1.9660681626506005,2.141007945639026,1.0370816659220512,1.3273047625619094,1.4268822995454276,1.433259480250633
2N_4H_8x8_graphitic,3,1.0261519706934916,0.0,0.8928571428571428,1.7857142857142856,6,0.031167323909544985,0.4616562180500017,4.257399504351222,4.965830989323607,2,0.5235987755982988,-0.007,-0.038,1.227264,3.333333333333333,0.0,3.0,1.0,2.0715210054940147,2.0975941963407183,2.069266580902014,2.1210236098913033,2.6257820884402303,3.0507157501118325,1.4239613721163762,1.4283910400994515
3N_4H_8x8_pyridinic,0,0.08246661926134244,0.4464285714285714,1.345291479820628,1.7937219730941705,6,0.058885470448031454,0.36887821744999805,2.4042944535880286,1.4713234554461716,1,0.5235987755982988,-0.015,0.0,1.441285,3.333333333333333,0.0,3.333333333333333,1.0,2.0593318820675517,2.12857855320969,2.0161746207261975,2.2020882707502305,0.15891210061729735,0.5883823668804311,1.4034843798624992,1.5119031930203888
3N_4H_8x8_pyridinic,1,1.116076493223575,0.4464285714285714,1.345291479820628,1.7937219730941705,6,0.024006948603853766,0.4763655560499984,1.3778141886576325,1.3778141886576325,1,0.5235987755982988,0.208,0.0,1.441285,3.0,0.33333333333333304,3.0,1.0,2.027523583553211,2.1482195235251687,1.8977961582375626,2.1909433600691157,0.44987328329951104,0.44987328329951104,1.390281236395561,1.4336915253431655
3N_4H_8x8_pyridinic,2,0.6933999460876409,0.4464285714285714,1.345291479820628,1.7937219730941705,6,0.029623344853247024,0.40106776529999877,2.463632621372675,1.4419036501856675,1,0.5235987755982988,-0.067,0.0,1.441285,3.0,0.0,3.333333333333333,1.0,2.033631790582876,2.1773282069729665,1.8977961582375626,2.1909433600691157,0.0701348375100483,1.6301237341600476,1.41302612856014,1.5580760167213785
3N_4H_8x8_pyridinic,3,0.9682822361760437,0.4464285714285714,1.345291479820628,1.7937219730941705,6,0.2663719719001937,0.4959566705500009,6.672731973578107,6.672731973578107,1,0.5235987755982988,-0.002,0.0,1.441285,3.0,0.0,3.0,1.0,2.0790788222691354,2.1023235536869223,1.8977961582375626,2.1909433600691157,1.3662379429285079,1.3662379429285079,1.4275575306609856,1.428311471466318
4N_4H_8x8_pyridinic,0,-0.3848590111138298,0.8928571428571428,1.8018018018018018,1.8018018018018018,6,0.09004432931990129,0.28625410600000034,1.4048202838062807,1.4048202838062807,2,0.5235987755982988,0.172,0.17,0.973693,3.0,0.33333333333333304,3.0,1.0,2.073770062892422,2.106531983859514,1.9674466715435937,2.1267716103924523,0.4990884938293131,0.4990884938293131,1.4102567784100364,1.435422866437559
4N_4H_8x8_pyridinic,1,1.192747463282737,0.8928571428571428,1.8018018018018018,1.8018018018018018,6,0.28033921777029136,0.5374067319499987,7.602561001711253,7.602561001711253,2,0.5235987755982988,0.0,-0.023,0.973693,3.0,0.0,3.0,1.0,2.0808209482232605,2.097946097433996,1.9674466715435937,2.1267716103924523,2.10621061799088,2.10621061799088,1.4268974702260695,1.4309004547114124
4N_4H_8x8_pyridinic,2,0.37483658715261403,0.8928571428571428,1.8018018018018018,1.8018018018018018,7,0.018759513538804392,0.16805425434999943,0.0,2.6863821338389537,2,0.5235987755982988,-0.598,0.026,0.973693,2.0,1.0,2.0,1.0,2.0954502303935967,4.18773507678599,2.0954502303935967,4.18773507678599,nan,1.0311025149854378,1.362215228050756,1.3744047502282963
4N_4H_8x8_pyridinic,3,0.8861234545889645,0.8928571428571428,1.8018018018018018,1.8018018018018018,6,0.05911639332867562,0.5655743175000012,5.109753435772274,5.109753435772274,2,0.5235987755982988,0.002,-0.028,0.973693,3.0,0.0,3.0,1.0,2.080867565291072,2.098072610200373,1.9298070170824226,2.1077222053959237,2.375727104016196,2.375727104016196,1.4258645109980366,1.4320065621821918
